timestamp,price,range_high,range_low,atr,position_open
2026-06-18T00:01:03.833899,4281.06,4284.05,4254.53,11.57,yes
2026-06-18T00:10:14.574767,4293.26,4284.05,4254.53,12.75,yes
2026-06-18T02:15:02.811792,4327.45,4328.64,4276.62,12.02,no
2026-06-18T07:06:37.629775,4301.43,4324.75,4296.31,8.51,no
2026-06-18T07:54:45.416527,4291.62,4311.86,4293.37,9.08,no
2026-06-18T11:41:30.692217,4244.88,4273.43,4240.57,9.09,yes
2026-06-18T12:30:26.233314,4254.84,4271.01,4239.97,9.2,no
2026-06-18T14:34:12.641675,4246.77,4276.8,4237.19,12.59,no
2026-06-18T17:44:20.355694,4228.05,4236.83,4214.06,10.64,yes
2026-06-18T19:56:20.889723,4214.78,4233.33,4201.51,8.24,yes
2026-06-18T21:57:40.140947,4209.14,4225.43,4201.51,6.94,no
2026-06-18T23:41:13.899938,4195.76,4219.15,4193.87,6.83,no
2026-06-19T02:21:28.414047,4177.57,4194.68,4178.76,7.37,no
2026-06-19T07:33:21.410145,4152.73,4160.3,4130.59,10.31,no
2026-06-19T11:50:23.188636,4152.72,4167.4,4141.99,6.79,no
2026-06-19T14:31:46.881322,4148.53,4183.08,4143.81,9.89,no
2026-06-19T16:59:38.937110,4154.72,4154.17,4142.62,6.83,no
2026-06-19T18:54:16.752150,4155.51,4154.17,4142.62,6.83,no
2026-06-19T20:23:06.386511,4155.51,4154.17,4142.62,6.83,no
2026-06-19T21:39:13.016526,4155.51,4154.17,4142.62,6.83,no
2026-06-19T22:33:55.746102,4155.51,4154.17,4142.62,6.83,no
2026-06-19T23:41:15.422062,4155.51,4154.17,4142.62,6.83,no
2026-06-20T01:50:43.689361,4155.51,4154.17,4142.62,6.83,no
2026-06-20T06:05:12.530288,4155.51,4154.17,4142.62,6.83,no
2026-06-20T09:32:06.066498,4155.51,4154.17,4142.62,6.83,no
2026-06-20T11:30:29.553798,4155.51,4154.17,4142.62,6.83,no
2026-06-20T13:05:30.428557,4155.51,4154.17,4142.62,6.83,no
2026-06-20T15:07:53.442765,4155.51,4154.17,4142.62,6.83,no
2026-06-20T16:44:24.555604,4155.51,4154.17,4142.62,6.83,no
2026-06-20T17:59:46.868871,4155.51,4154.17,4142.62,6.83,no
2026-06-20T19:27:01.553481,4155.51,4154.17,4142.62,6.83,no
2026-06-20T20:47:44.782498,4155.51,4154.17,4142.62,6.83,no
2026-06-20T21:56:00.569049,4155.51,4154.17,4142.62,6.83,no
2026-06-20T22:57:38.594373,4155.51,4154.17,4142.62,6.83,no
2026-06-21T00:02:10.629782,4155.51,4154.17,4142.62,6.83,no
2026-06-21T05:01:48.216493,4155.51,4154.17,4142.62,6.83,no
2026-06-21T08:59:42.917714,4155.51,4154.17,4142.62,6.83,no
2026-06-21T11:45:56.368368,4155.51,4154.17,4142.62,6.83,no
2026-06-21T13:26:34.692914,4155.51,4154.17,4142.62,6.83,no
2026-06-21T15:21:21.789106,4155.51,4154.17,4142.62,6.83,no
2026-06-21T16:56:44.185053,4155.51,4154.17,4142.62,6.83,no
2026-06-21T18:15:29.375597,4155.51,4154.17,4142.62,6.83,no
2026-06-21T20:03:22.516835,4155.51,4154.17,4142.62,6.83,no
2026-06-21T21:23:38.533761,4155.51,4154.17,4142.62,6.83,no
2026-06-21T22:38:16.341532,4151.87,4159.53,4140.66,7.05,no
2026-06-21T23:54:05.162206,4139.4,4164.88,4140.66,7.93,no
2026-06-22T02:12:02.591190,4188.25,4221.21,4140.14,12.6,no
2026-06-22T07:39:36.302619,4196.55,4207.48,4189.38,6.78,no
2026-06-22T13:15:43.308713,4195.61,4211.84,4188.82,6.68,no
2026-06-22T17:51:11.298380,4182.14,4192.99,4169.73,8.95,no
2026-06-22T20:24:12.998801,4189.82,4193.82,4184.01,4.97,no
2026-06-22T22:19:14.799635,4192.12,4194.56,4184.26,3.99,no
2026-06-22T23:45:19.792662,4194.82,4195.47,4188.48,3.58,no
2026-06-23T01:34:48.473849,4169.1,4198.65,4170.76,7.44,no
2026-06-23T05:48:51.815579,4119.8,4147.04,4114.63,11.37,yes
2026-06-23T08:49:54.355624,4104.47,4124.93,4090.96,11.89,no
2026-06-23T11:47:17.645159,4120.9,4133.37,4115.38,8.53,no
2026-06-23T14:07:47.615930,4139.05,4140.58,4105.34,10.98,no
2026-06-23T16:36:20.987771,4141.78,4141.68,4122.81,10.77,no
2026-06-23T18:26:04.082230,4122.24,4143.95,4124.03,8.0,no
2026-06-23T20:29:43.562883,4111.22,4126.16,4108.78,6.32,no
2026-06-23T21:56:48.656862,4110.14,4126.16,4107.51,5.39,no
2026-06-23T23:01:37.752884,4101.93,4115.11,4097.16,5.78,no
2026-06-24T00:02:58.104263,4102.62,4115.11,4080.9,7.92,no
2026-06-24T04:17:53.464235,4056.76,4081.26,4050.38,13.57,no
2026-06-24T07:54:12.351447,4076.59,4097.69,4071.47,9.62,no
2026-06-24T10:37:32.779808,4058.41,4087.72,4055.27,7.63,no
2026-06-24T12:35:39.531139,4018.54,4066.95,4006.38,11.99,no
2026-06-24T15:21:07.335853,4014.66,4042.2,3964.67,22.16,no
2026-06-24T17:22:26.035089,3998.1,4022.33,3995.64,13.78,no
2026-06-24T19:03:02.000568,3981.33,4011.43,3959.08,12.79,no
2026-06-24T20:51:55.312659,3997.28,4002.91,3973.59,11.89,no
2026-06-24T22:02:57.334229,4007.57,4002.91,3973.59,11.94,no
2026-06-24T23:14:54.874198,3994.2,4008.86,3984.79,8.63,no
2026-06-25T01:26:56.798353,3997.77,4018.76,3978.62,12.13,no
2026-06-25T05:35:59.097147,3989.4,4001.19,3969.03,13.23,no
2026-06-25T08:39:34.627257,3999.6,4001.36,3971.6,11.98,no
2026-06-25T11:19:38.672909,3982.31,3997.73,3981.38,7.78,no
2026-06-25T13:29:08.736218,4020.19,4034.03,3973.88,10.3,no
2026-06-25T16:00:55.328449,4039.59,4042.72,3999.88,15.96,no
2026-06-25T18:12:38.510842,4034.45,4044.11,4023.92,11.06,no
2026-06-25T20:21:41.514030,4028.82,4044.33,4022.06,8.05,no
2026-06-25T21:55:42.819980,4026.7,4043.84,4022.06,7.8,no
2026-06-25T23:06:29.976324,4023.65,4036.67,4019.92,7.45,no
2026-06-26T00:20:45.257018,4021.13,4036.67,4011.53,7.63,no
2026-06-26T04:44:22.503512,4005.92,4012.1,3983.13,10.13,no
2026-06-26T08:20:08.240517,4032.56,4039.82,4008.46,8.61,no
2026-06-26T11:17:29.366068,4047.95,4055.68,4034.61,8.06,no
2026-06-26T13:22:43.879491,4055.28,4066.11,4035.97,10.94,no
2026-06-26T15:32:51.136604,4085.3,4093.08,4044.96,13.35,no
2026-06-26T17:17:24.670413,4083.58,4096.09,4078.08,9.06,no
2026-06-26T19:06:24.729149,4066.22,4088.27,4067.24,6.49,yes
2026-06-26T20:51:16.613136,4074.36,4074.69,4064.64,5.95,no
2026-06-26T21:55:55.207413,4090.31,4074.69,4064.64,6.97,no
2026-06-26T22:58:38.489629,4090.31,4074.69,4064.64,6.97,no
2026-06-27T00:04:11.456446,4090.31,4074.69,4064.64,6.97,no
2026-06-27T04:11:16.023225,4090.31,4074.69,4064.64,6.97,no
2026-06-27T21:02:09.172586,4090.31,4074.69,4064.64,6.97,no
2026-06-27T22:08:59.144027,4090.31,4074.69,4064.64,6.97,no
2026-06-27T23:15:13.038184,4090.31,4074.69,4064.64,6.97,no
2026-06-28T00:15:06.375257,4090.31,4074.69,4064.64,6.97,no
2026-06-28T04:51:16.988871,4090.31,4074.69,4064.64,6.97,no
2026-06-28T08:13:38.211783,4090.31,4074.69,4064.64,6.97,no
2026-06-28T10:34:12.252956,4090.31,4074.69,4064.64,6.97,no
2026-06-28T12:05:37.893653,4090.31,4074.69,4064.64,6.97,no
2026-06-28T14:08:55.906291,4090.31,4074.69,4064.64,6.97,no
2026-06-28T15:37:20.811888,4090.31,4074.69,4064.64,6.97,no
2026-06-28T16:45:45.612340,4090.31,4074.69,4064.64,6.97,no
2026-06-28T17:49:51.207897,4090.31,4074.69,4064.64,6.97,no
2026-06-28T18:54:28.002975,4090.31,4074.69,4064.64,6.97,no
2026-06-28T20:03:13.497416,4090.31,4074.69,4064.64,6.97,no
2026-06-28T21:12:15.535144,4090.31,4074.69,4064.64,6.97,no
2026-06-28T22:13:52.274337,4074.26,4090.53,4064.64,8.06,no
2026-06-28T23:17:35.375855,4062.8,4090.53,4053.38,9.31,no
2026-06-29T01:32:47.255500,4059.46,4074.68,4048.44,11.39,no
2026-06-29T06:19:52.109906,4059.45,4066.78,4039.46,8.09,no
2026-06-29T11:26:05.803527,4028.91,4053.51,4024.68,9.13,no
2026-06-29T14:54:59.154673,4024.33,4051.82,4000.17,12.23,no
2026-06-29T17:25:41.720059,4026.65,4032.2,4016.81,10.55,no
2026-06-29T19:19:10.776518,4006.8,4030.83,4008.18,5.53,yes
2026-06-29T20:58:23.678086,4016.28,4021.21,4005.43,4.83,no
2026-06-29T22:07:05.360865,4017.85,4019.74,4005.43,4.88,no
2026-06-29T23:12:21.004035,4020.38,4022.32,4009.7,5.79,no
2026-06-30T00:17:50.206695,4007.96,4022.53,4003.38,5.73,no
2026-06-30T04:36:10.814312,3996.64,3983.46,3954.32,12.27,yes
2026-06-30T08:07:49.418910,4033.01,4034.88,3978.02,10.46,no
2026-06-30T11:18:31.066727,4031.45,4033.78,4012.48,6.88,no
2026-06-30T13:17:46.859630,4026.28,4037.43,4008.75,7.78,no
2026-06-30T15:42:43.739056,4027.63,4063.43,4013.22,13.27,no
2026-06-30T17:28:01.035096,4022.45,4035.97,4020.81,9.76,no
2026-06-30T19:16:57.578473,4023.51,4033.88,4021.67,4.45,no
2026-06-30T21:06:37.054918,4007.61,4032.58,4010.37,4.61,no
2026-06-30T22:22:20.114709,4012.97,4025.21,4006.46,5.1,no
2026-06-30T23:40:26.085603,4010.4,4018.55,4006.46,5.79,no
2026-07-01T01:55:12.082411,3976.28,4010.26,3975.08,8.14,no
2026-07-01T06:14:48.296568,3964.97,3982.88,3969.96,7.0,no
2026-07-01T10:14:09.562456,3985.59,3986.06,3969.57,7.48,no
2026-07-01T12:47:34.091904,4025.23,4035.55,3987.1,9.14,no
2026-07-01T15:30:15.305280,4083.8,4111.39,4031.61,17.68,no
2026-07-01T17:28:32.333916,4069.21,4092.13,4067.93,10.62,no
2026-07-01T19:17:08.175306,4064.92,4073.35,4057.99,5.62,no
2026-07-01T20:55:36.252017,4030.63,4068.44,4028.67,7.29,no
2026-07-01T22:11:49.440299,4037.32,4068.44,4028.67,7.63,no
2026-07-01T23:41:02.811142,4035.52,4045.34,4030.33,7.56,no
2026-07-02T01:35:48.449438,4047.36,4068.61,4030.81,8.91,no
2026-07-02T05:39:05.657603,4064.96,4074.22,4054.49,7.27,no
2026-07-02T08:31:38.520662,4073.77,4078.01,4060.87,9.76,no
2026-07-02T11:09:27.145088,4058.65,4077.05,4061.61,7.74,no
2026-07-02T13:04:40.229743,4127.29,4140.6,4057.53,13.66,no
2026-07-02T15:25:09.559940,4129.7,4144.11,4109.45,19.77,no
2026-07-02T17:07:35.817551,4119.65,4131.55,4100.41,11.53,no
2026-07-02T18:44:01.852870,4123.19,4123.85,4100.41,8.76,no
2026-07-02T20:07:17.076785,4121.14,4127.11,4106.0,7.77,no
2026-07-02T21:20:17.662719,4123.97,4125.13,4108.28,7.4,no
2026-07-02T22:30:37.584815,4124.85,4128.16,4111.06,5.76,no
2026-07-02T23:38:09.086060,4126.05,4130.42,4118.67,5.4,no
2026-07-03T01:13:53.276605,4177.92,4151.05,4121.2,9.08,no
2026-07-03T04:56:29.827340,4176.74,4186.9,4173.15,6.57,no
2026-07-03T07:55:38.825605,4178.47,4181.28,4160.61,6.51,no
2026-07-03T10:25:01.367713,4180.55,4186.61,4168.57,6.63,no
2026-07-03T12:22:41.759221,4174.86,4186.4,4174.78,5.5,no
2026-07-03T14:35:07.289257,4164.97,4179.41,4155.46,6.35,no
2026-07-03T16:08:54.893951,4164.04,4174.45,4155.46,6.36,no
2026-07-03T17:43:56.008406,4175.07,4174.45,4162.9,5.63,no
2026-07-03T18:50:16.236660,4175.07,4174.45,4162.9,5.63,no
2026-07-03T20:05:19.979159,4175.07,4174.45,4162.9,5.63,no
2026-07-03T21:18:57.896460,4175.07,4174.45,4162.9,5.63,no
2026-07-03T22:17:40.117709,4175.07,4174.45,4162.9,5.63,no
2026-07-03T23:28:37.398691,4175.07,4174.45,4162.9,5.63,no
2026-07-04T01:07:37.604225,4175.07,4174.45,4162.9,5.63,no
2026-07-04T04:46:54.570424,4175.07,4174.45,4162.9,5.63,no
2026-07-04T07:30:36.594028,4175.07,4174.45,4162.9,5.63,no
2026-07-04T09:36:33.392453,4175.07,4174.45,4162.9,5.63,no
2026-07-04T11:08:26.952523,4175.07,4174.45,4162.9,5.63,no
2026-07-04T12:14:43.787893,4175.07,4174.45,4162.9,5.63,no
2026-07-04T13:57:54.781729,4175.07,4174.45,4162.9,5.63,no
2026-07-04T15:01:50.545893,4175.07,4174.45,4162.9,5.63,no
2026-07-04T16:08:02.814842,4175.07,4174.45,4162.9,5.63,no
2026-07-04T17:16:56.250635,4175.07,4174.45,4162.9,5.63,no
2026-07-04T18:13:54.058233,4175.07,4174.45,4162.9,5.63,no
2026-07-04T19:35:54.354130,4175.07,4174.45,4162.9,5.63,no
2026-07-04T20:31:52.344501,4175.07,4174.45,4162.9,5.63,no
2026-07-04T21:29:08.429032,4175.07,4174.45,4162.9,5.63,no
2026-07-04T22:27:04.240491,4175.07,4174.45,4162.9,5.63,no
2026-07-04T23:29:05.791308,4175.07,4174.45,4162.9,5.63,no
2026-07-05T01:14:44.641485,4175.07,4174.45,4162.9,5.63,no
2026-07-05T05:08:17.721840,4175.07,4174.45,4162.9,5.63,no
2026-07-05T08:11:07.563638,4175.07,4174.45,4162.9,5.63,no
2026-07-05T10:25:41.446174,4175.07,4174.45,4162.9,5.63,no
2026-07-05T11:51:25.632575,4175.07,4174.45,4162.9,5.63,no
2026-07-05T12:57:47.885579,4175.07,4174.45,4162.9,5.63,no
2026-07-05T14:27:31.865155,4175.07,4174.45,4162.9,5.63,no
2026-07-05T15:44:44.729044,4175.07,4174.45,4162.9,5.63,no
2026-07-05T16:44:16.640955,4175.07,4174.45,4162.9,5.63,no
2026-07-05T17:45:06.620857,4175.07,4174.45,4162.9,5.63,no
2026-07-05T18:45:50.351048,4175.07,4174.45,4162.9,5.63,no
2026-07-05T19:58:59.929345,4175.07,4174.45,4162.9,5.63,no
2026-07-05T20:57:49.240316,4175.07,4174.45,4162.9,5.63,no
2026-07-05T21:56:38.010408,4175.07,4174.45,4162.9,5.63,no
2026-07-05T22:54:31.761178,4186.77,4191.65,4162.9,6.34,no
2026-07-05T23:51:31.097515,4183.38,4202.07,4169.84,8.04,no
2026-07-06T01:28:24.944429,4186.17,4202.07,4170.15,12.38,no
2026-07-06T05:52:41.625039,4156.7,4166.9,4149.66,6.6,no
2026-07-06T09:46:13.411375,4140.19,4166.44,4136.53,6.48,yes
2026-07-06T13:30:34.165731,4145.24,4158.86,4131.53,7.32,no
2026-07-06T16:37:29.640225,4149.53,4152.05,4128.62,9.02,no
2026-07-06T18:28:24.740272,4162.0,4161.97,4140.37,6.62,no
2026-07-06T20:22:12.611429,4161.63,4167.61,4158.22,4.86,no
2026-07-06T21:51:09.904147,4165.04,4165.51,4158.95,4.35,no
2026-07-06T22:51:07.241545,4165.63,4168.59,4160.84,3.64,no
2026-07-06T23:51:06.855374,4163.52,4168.59,4160.99,3.07,no
2026-07-07T01:28:03.021054,4126.82,4165.78,4137.9,6.64,no
2026-07-07T05:32:23.859538,4124.14,4141.41,4121.03,7.23,no
2026-07-07T08:51:00.176222,4128.32,4139.37,4124.43,7.59,no
2026-07-07T11:33:27.327565,4140.67,4145.39,4121.64,7.0,yes
2026-07-07T13:37:47.850700,4177.16,4178.45,4139.65,10.01,no
2026-07-07T16:06:51.529416,4143.36,4163.73,4135.91,11.25,no
2026-07-07T18:12:11.277594,4141.8,4148.25,4137.13,6.04,no
2026-07-07T20:12:55.980587,4114.53,4145.34,4092.31,8.57,no
2026-07-07T21:40:02.677326,4105.86,4142.71,4092.31,8.64,no
2026-07-07T22:42:13.553881,4100.53,4117.79,4094.09,9.28,no
2026-07-07T23:35:13.589591,4101.34,4111.31,4094.09,7.5,no
2026-07-08T01:04:58.637077,4110.94,4126.84,4095.95,8.88,no
2026-07-08T04:24:00.519167,4127.33,4131.23,4112.08,9.53,no
2026-07-08T06:42:20.790162,4126.88,4134.03,4121.27,6.67,no
2026-07-08T09:12:47.556783,4051.95,4127.35,4052.34,11.97,yes
2026-07-08T11:15:53.362861,4052.41,4061.07,4040.48,13.14,no
2026-07-08T12:52:19.029477,4085.57,4078.36,4041.51,11.42,no
2026-07-08T15:03:02.380387,4037.45,4083.06,4034.0,13.28,no
2026-07-08T16:45:11.813095,4056.6,4057.53,4021.89,11.93,no
2026-07-08T18:06:36.614436,4070.33,4076.5,4033.25,10.36,no
2026-07-08T19:49:29.076533,4079.82,4091.6,4063.66,9.49,no
2026-07-08T20:48:08.908374,4075.27,4091.6,4071.64,7.44,no
2026-07-08T21:50:25.239077,4077.48,4091.6,4071.64,7.74,no
2026-07-08T22:47:07.398009,4078.7,4084.42,4071.64,6.86,no
2026-07-08T23:47:50.261766,4073.64,4079.99,4072.81,5.41,no
2026-07-09T01:19:11.340900,4075.34,4089.88,4065.4,6.92,no
2026-07-09T05:10:07.795011,4068.26,4067.78,4054.35,7.31,no
2026-07-09T08:40:25.341631,4114.82,4117.82,4096.15,9.24,no
2026-07-09T11:31:52.335148,4100.9,4110.18,4093.78,5.85,no
2026-07-09T14:06:49.958683,4133.99,4129.57,4105.22,10.36,no
2026-07-09T16:34:35.612071,4135.55,4133.32,4118.22,7.91,no
2026-07-09T18:20:30.482402,4126.63,4138.17,4125.13,5.6,no
2026-07-09T20:10:14.335673,4121.95,4136.41,4118.97,4.86,no
2026-07-09T21:40:13.640145,4123.75,4127.04,4118.97,4.33,no
2026-07-09T22:53:07.786471,4122.55,4128.64,4120.1,3.48,no
2026-07-09T23:54:53.788120,4123.58,4128.64,4121.03,3.19,no
2026-07-10T01:22:20.078569,4121.88,4131.13,4114.34,5.23,no
2026-07-10T05:12:14.296257,4113.84,4134.83,4112.15,6.68,no
2026-07-10T08:39:09.393592,4101.34,4116.28,4103.41,5.85,no
2026-07-10T11:30:06.257649,4100.31,4112.78,4098.45,4.94,no
2026-07-10T13:27:26.122528,4095.26,4117.65,4096.19,8.19,no
2026-07-10T15:44:12.534372,4104.61,4109.16,4073.03,12.5,no
2026-07-10T17:27:05.475789,4105.48,4115.5,4097.53,9.53,no
2026-07-10T18:56:10.281153,4101.41,4109.8,4098.74,5.06,no
2026-07-10T20:13:24.282328,4111.89,4109.1,4097.91,4.32,yes
2026-07-10T21:19:39.129247,4119.51,4115.24,4097.91,4.48,no
2026-07-10T22:27:20.612819,4119.51,4115.24,4097.91,4.48,no
2026-07-10T23:26:33.073899,4119.51,4115.24,4097.91,4.48,no
2026-07-11T00:54:43.428389,4119.51,4115.24,4097.91,4.48,no
2026-07-11T03:57:27.274136,4119.51,4115.24,4097.91,4.48,no
2026-07-11T06:08:21.096902,4119.51,4115.24,4097.91,4.48,no
2026-07-11T08:10:08.408933,4119.51,4115.24,4097.91,4.48,no
2026-07-11T09:45:57.941279,4119.51,4115.24,4097.91,4.48,no
2026-07-11T10:45:39.997034,4119.51,4115.24,4097.91,4.48,no
2026-07-11T11:36:18.520602,4119.51,4115.24,4097.91,4.48,no
2026-07-11T12:34:09.949426,4119.51,4115.24,4097.91,4.48,no
2026-07-11T14:03:19.390112,4119.51,4115.24,4097.91,4.48,no
2026-07-11T15:04:19.001263,4119.51,4115.24,4097.91,4.48,no
2026-07-11T16:02:19.639793,4119.51,4115.24,4097.91,4.48,no
2026-07-11T17:04:55.026212,4119.51,4115.24,4097.91,4.48,no
2026-07-11T18:00:25.988181,4119.51,4115.24,4097.91,4.48,no
2026-07-11T19:06:13.957476,4119.51,4115.24,4097.91,4.48,no
2026-07-11T20:09:29.774518,4119.51,4115.24,4097.91,4.48,no
2026-07-11T21:01:58.409576,4119.51,4115.24,4097.91,4.48,no
2026-07-11T21:56:07.413754,4119.51,4115.24,4097.91,4.48,no
2026-07-11T22:37:00.910334,4119.51,4115.24,4097.91,4.48,no
2026-07-11T23:33:06.349892,4119.51,4115.24,4097.91,4.48,no
2026-07-12T01:07:11.317461,4119.51,4115.24,4097.91,4.48,no
2026-07-12T04:32:46.726837,4119.51,4115.24,4097.91,4.48,no
2026-07-12T07:07:59.035883,4119.51,4115.24,4097.91,4.48,no
2026-07-12T09:10:29.037356,4119.51,4115.24,4097.91,4.48,no
2026-07-12T10:42:16.849171,4119.51,4115.24,4097.91,4.48,no
2026-07-12T11:41:31.814452,4119.51,4115.24,4097.91,4.48,no
2026-07-12T12:34:25.567908,4119.51,4115.24,4097.91,4.48,no
2026-07-12T14:07:56.519935,4119.51,4115.24,4097.91,4.48,no
2026-07-12T15:09:56.771524,4119.51,4115.24,4097.91,4.48,no
2026-07-12T16:08:28.642313,4119.51,4115.24,4097.91,4.48,no
2026-07-12T17:12:53.969055,4119.51,4115.24,4097.91,4.48,no
2026-07-12T18:07:52.279974,4119.51,4115.24,4097.91,4.48,no
2026-07-12T19:20:01.611608,4119.51,4115.24,4097.91,4.48,no
2026-07-12T20:10:51.068001,4119.51,4115.24,4097.91,4.48,no
2026-07-12T21:03:56.214905,4119.51,4115.24,4097.91,4.48,no
2026-07-12T21:59:24.894467,4119.51,4115.24,4097.91,4.48,no
2026-07-12T22:46:26.447628,4077.45,4121.18,4078.16,7.34,no
2026-07-12T23:36:58.455309,4072.06,4121.18,4068.6,8.28,no
2026-07-13T01:10:26.984316,4076.98,4091.21,4061.25,12.08,no
2026-07-13T04:42:26.205622,4053.97,4077.57,4050.39,8.85,no
2026-07-13T07:52:35.215419,4058.98,4064.3,4043.93,9.23,no
2026-07-13T10:44:48.415227,4053.07,4078.64,4064.53,7.04,no
2026-07-13T13:04:48.230619,4062.37,4068.51,4053.73,8.35,no
2026-07-13T15:47:19.195183,4012.51,4058.44,4000.46,11.29,no
2026-07-13T17:43:20.833768,3997.52,4017.98,3986.68,11.08,no
2026-07-13T19:03:21.930578,4002.77,4005.19,3986.81,8.0,no
2026-07-13T20:20:45.201253,3999.61,4006.27,3986.81,6.27,no
2026-07-13T21:15:20.603266,4001.22,4006.27,3993.63,5.93,no
2026-07-13T22:10:14.226930,4001.83,4006.27,3993.63,6.19,no
2026-07-13T23:09:41.642040,4002.01,4008.3,3996.79,4.94,no
2026-07-14T00:02:49.600100,3997.97,4008.3,3992.66,4.95,no
2026-07-14T03:19:50.935621,4013.38,4019.17,3992.95,9.81,no
2026-07-14T05:42:03.480629,4030.81,4024.21,4013.6,5.6,no
2026-07-14T07:27:23.196755,4028.13,4034.19,4020.14,5.71,no
2026-07-14T09:22:26.277087,4020.64,4029.97,4014.07,6.02,no
2026-07-14T10:58:32.986570,4020.58,4024.49,4013.89,5.99,no
2026-07-14T12:08:11.085358,4027.39,4031.95,4015.22,6.44,no
2026-07-14T14:08:30.097723,4079.57,4103.11,4023.36,15.11,no
2026-07-14T15:41:13.116711,4075.97,4100.61,4070.81,18.32,no
2026-07-14T16:49:28.589588,4058.44,4100.61,4057.85,12.04,no
2026-07-14T17:50:43.778001,4062.42,4076.59,4054.51,10.3,no
2026-07-14T18:51:52.168923,4049.87,4065.2,4042.94,8.59,yes
2026-07-14T20:00:30.170146,4054.78,4063.22,4042.94,6.69,no
2026-07-14T21:01:52.098722,4052.93,4057.41,4044.87,5.8,no
2026-07-14T22:03:29.764461,4052.61,4057.41,4047.72,5.56,no
2026-07-14T23:03:56.133858,4048.92,4056.66,4048.66,4.26,no
2026-07-14T23:59:50.179239,4052.63,4056.23,4046.78,3.96,no
2026-07-15T02:28:14.878443,4032.57,4062.27,4033.86,6.91,no
2026-07-15T05:13:17.593805,4027.67,4040.45,4028.04,6.73,no
2026-07-15T07:23:20.973847,4027.53,4036.65,4021.41,6.75,no
2026-07-15T09:24:49.357665,4029.63,4034.4,4017.47,6.81,no
2026-07-15T11:05:01.576272,4028.97,4036.09,4025.63,5.84,no
2026-07-15T12:21:22.854251,4040.2,4042.67,4026.69,5.56,no
2026-07-15T14:15:20.273092,4064.72,4074.15,4037.55,8.58,no
2026-07-15T15:50:33.747903,4048.98,4066.37,4039.67,10.71,no
2026-07-15T16:58:11.760435,4030.73,4063.06,4026.95,9.18,no
2026-07-15T18:02:31.708483,4064.01,4066.3,4026.95,9.5,no
2026-07-15T19:23:33.510246,4054.84,4081.45,4033.28,9.83,no
2026-07-15T20:29:13.138233,4061.09,4081.45,4048.02,8.8,no
2026-07-15T21:29:21.613971,4060.57,4068.7,4048.02,7.7,no
2026-07-15T22:29:05.626388,4061.61,4066.44,4048.02,6.76,no
2026-07-15T23:27:34.968415,4058.51,4066.44,4057.32,4.7,no
2026-07-16T00:54:15.206254,4055.51,4062.22,4054.13,4.22,no
2026-07-16T03:52:59.981628,4034.98,4043.91,4024.06,8.03,no
2026-07-16T06:07:22.904049,4035.2,4037.94,4025.45,5.48,no
2026-07-16T08:29:15.583981,4032.03,4034.27,4023.05,6.44,no
2026-07-16T10:26:01.727307,4033.19,4037.86,4025.4,4.88,no
2026-07-16T11:57:18.727162,4040.56,4036.33,4021.39,5.48,no
2026-07-16T13:27:14.788397,4001.8,4043.41,3973.79,11.99,no
2026-07-16T15:16:35.227612,3993.98,4008.5,3981.85,15.52,no
2026-07-16T16:42:47.661338,3990.08,4017.01,3982.48,12.94,no
2026-07-16T17:50:50.782279,3984.64,4013.23,3979.95,10.14,no
2026-07-16T18:49:12.013668,3982.73,3997.05,3976.65,7.92,no
2026-07-16T19:49:00.016530,3974.31,3990.49,3969.39,6.83,no
2026-07-16T20:36:40.637108,3976.08,3986.52,3969.39,6.6,no
2026-07-16T21:39:42.617350,3976.55,3986.22,3969.39,6.35,no
2026-07-16T22:34:26.950090,3974.63,3982.56,3969.39,5.54,no
2026-07-16T23:29:37.167011,3978.95,3980.42,3971.99,5.05,no
2026-07-17T01:00:40.633521,3989.48,3992.11,3975.31,5.15,no
2026-07-17T04:08:30.729402,3989.73,4008.97,3970.62,9.18,no
2026-07-17T06:24:51.545878,4003.77,4000.97,3975.23,9.09,yes
2026-07-17T08:31:36.472981,3991.76,4007.28,3988.24,7.99,no
2026-07-17T10:18:58.784555,3995.55,4002.59,3987.95,5.82,no
2026-07-17T11:43:13.536878,3992.86,3999.86,3990.07,5.38,no
2026-07-17T12:47:26.638051,3971.74,3998.88,3965.64,6.76,yes
2026-07-17T14:18:21.459476,3999.48,4003.98,3959.71,11.98,no
2026-07-17T15:44:36.746627,4015.26,4014.19,3963.8,13.57,no
2026-07-17T16:46:50.389625,4017.3,4023.89,3992.9,11.27,no
2026-07-17T17:47:25.033341,4011.14,4023.89,4009.89,7.15,no
2026-07-17T18:42:11.554158,4009.41,4020.67,4007.76,6.47,no
2026-07-17T19:45:20.802277,4010.18,4016.23,4002.41,5.39,no
2026-07-17T20:33:49.761104,4009.3,4016.56,4002.41,5.26,no
2026-07-17T21:24:18.615943,4017.26,4016.56,4002.41,5.61,no
2026-07-17T22:10:02.329999,4017.26,4016.56,4002.41,5.61,no
2026-07-17T23:04:39.515473,4017.26,4016.56,4002.41,5.61,no
2026-07-17T23:59:51.695982,4017.26,4016.56,4002.41,5.61,no
2026-07-18T02:29:33.547454,4017.26,4016.56,4002.41,5.61,no
2026-07-18T05:08:37.346938,4017.26,4016.56,4002.41,5.61,no
2026-07-18T07:05:48.291367,4017.26,4016.56,4002.41,5.61,no
2026-07-18T08:55:19.861836,4017.26,4016.56,4002.41,5.61,no
2026-07-18T10:06:51.346247,4017.26,4016.56,4002.41,5.61,no
2026-07-18T11:15:06.365108,4017.26,4016.56,4002.41,5.61,no
2026-07-18T12:04:57.405123,4017.26,4016.56,4002.41,5.61,no
2026-07-18T13:41:18.414228,4017.26,4016.56,4002.41,5.61,no
2026-07-18T14:37:48.333868,4017.26,4016.56,4002.41,5.61,no
2026-07-18T15:32:48.275344,4017.26,4016.56,4002.41,5.61,no
2026-07-18T16:29:10.023892,4017.26,4016.56,4002.41,5.61,no
2026-07-18T17:29:13.733438,4017.26,4016.56,4002.41,5.61,no
2026-07-18T18:26:15.279111,4017.26,4016.56,4002.41,5.61,no
2026-07-18T19:39:00.479162,4017.26,4016.56,4002.41,5.61,no
2026-07-18T20:24:55.752167,4017.26,4016.56,4002.41,5.61,no
2026-07-18T21:09:59.185615,4017.26,4016.56,4002.41,5.61,no
2026-07-18T22:03:30.202127,4017.26,4016.56,4002.41,5.61,no
2026-07-18T22:58:30.535506,4017.26,4016.56,4002.41,5.61,no
2026-07-18T23:50:55.468722,4017.26,4016.56,4002.41,5.61,no
2026-07-19T01:12:02.458342,4017.26,4016.56,4002.41,5.61,no
2026-07-19T04:32:51.747946,4017.26,4016.56,4002.41,5.61,no
2026-07-19T07:07:17.544558,4017.26,4016.56,4002.41,5.61,no
2026-07-19T09:12:17.270210,4017.26,4016.56,4002.41,5.61,no
2026-07-19T10:42:17.009831,4017.26,4016.56,4002.41,5.61,no
2026-07-19T11:41:34.211801,4017.26,4016.56,4002.41,5.61,no
2026-07-19T12:34:07.717709,4017.26,4016.56,4002.41,5.61,no
2026-07-19T14:06:21.076728,4017.26,4016.56,4002.41,5.61,no
2026-07-19T15:07:30.890811,4017.26,4016.56,4002.41,5.61,no
2026-07-19T16:05:40.115432,4017.26,4016.56,4002.41,5.61,no
2026-07-19T17:10:10.643798,4017.26,4016.56,4002.41,5.61,no
2026-07-19T18:05:32.477621,4017.26,4016.56,4002.41,5.61,no
2026-07-19T19:19:48.960096,4017.26,4016.56,4002.41,5.61,no
2026-07-19T20:12:22.088723,4017.26,4016.56,4002.41,5.61,no
2026-07-19T21:05:43.838417,4017.26,4016.56,4002.41,5.61,no
2026-07-19T22:02:24.000492,4001.76,4018.76,4002.41,6.84,no
2026-07-19T22:58:43.074160,3996.32,4018.76,3993.55,6.64,no
2026-07-19T23:54:16.310692,3993.59,4018.76,3990.07,6.27,no
2026-07-20T01:16:24.065015,4009.1,4021.29,3982.79,8.92,no
2026-07-20T04:53:48.787763,4020.91,4028.63,4014.04,6.93,no
2026-07-20T07:48:19.918366,4017.7,4021.15,4002.26,5.91,yes
2026-07-20T10:31:49.272364,4021.89,4024.95,4015.03,6.37,no
2026-07-20T12:33:10.173958,4013.73,4040.76,4006.93,6.94,no
2026-07-20T14:41:23.527004,4009.66,4017.17,3998.36,8.5,no
2026-07-20T16:12:27.699291,4017.4,4019.53,3998.36,7.52,no
2026-07-20T18:17:36.725377,4010.63,4014.46,4001.22,5.8,no
2026-07-20T19:58:25.560375,4006.74,4018.11,4003.41,5.84,no
2026-07-20T21:08:07.579536,4007.8,4018.11,4004.4,4.96,no
2026-07-20T22:09:40.869113,4007.65,4018.11,4004.4,4.97,no
2026-07-20T23:11:58.899851,4000.79,4011.26,3999.82,5.68,no
2026-07-21T00:07:27.449711,4006.58,4011.26,3999.82,5.24,no
2026-07-21T03:37:32.066385,4043.2,4051.44,4021.49,8.87,no
2026-07-21T06:14:19.612563,4070.95,4067.98,4043.84,7.15,no
2026-07-21T08:44:04.910462,4062.64,4084.37,4063.09,7.24,no
2026-07-21T10:49:01.846109,4064.24,4070.22,4059.31,5.31,no
2026-07-21T12:12:38.842498,4058.08,4070.22,4054.38,5.3,no
2026-07-21T14:19:53.124403,4065.55,4066.01,4044.52,8.42,no
2026-07-21T15:55:31.265769,4076.03,4083.55,4044.52,9.19,no
2026-07-21T17:04:50.445063,4070.66,4083.55,4065.74,6.97,no
2026-07-21T18:21:44.579941,4074.18,4078.66,4066.87,4.9,no
2026-07-21T19:55:47.991748,4083.92,4087.63,4066.87,4.87,no
2026-07-21T20:57:15.049145,4077.77,4086.45,4079.34,4.85,no
2026-07-21T21:59:04.766227,4077.81,4086.45,4079.34,4.85,no
2026-07-21T22:54:22.073708,4079.65,4086.45,4076.74,4.22,no
2026-07-21T23:43:37.357561,4079.64,4085.46,4076.74,3.71,no
2026-07-22T01:06:24.960410,4113.77,4102.53,4076.84,6.84,no
2026-07-22T04:27:08.280915,4128.32,4141.76,4120.01,7.73,no
2026-07-22T07:06:28.058476,4113.65,4135.4,4113.51,6.19,no
2026-07-22T09:33:39.912199,4117.57,4123.12,4109.34,6.78,no
2026-07-22T11:26:27.514654,4119.03,4122.43,4113.36,5.06,no
2026-07-22T12:54:00.714360,4118.03,4134.45,4112.64,6.52,no
2026-07-22T14:49:41.555924,4146.23,4163.48,4106.7,10.6,no
2026-07-22T16:09:01.332180,4157.38,4166.11,4144.21,10.32,no
2026-07-22T17:38:00.077904,4142.45,4166.11,4142.8,7.04,no
2026-07-22T18:44:53.841698,4135.99,4151.42,4134.84,5.93,no
2026-07-22T19:58:23.484414,4131.36,4143.8,4131.83,4.95,no
2026-07-22T21:01:51.850465,4130.1,4138.94,4129.04,4.8,no
2026-07-22T22:09:10.047171,4121.59,4137.86,4128.47,6.26,no
2026-07-22T23:14:15.192903,4124.86,4137.86,4101.13,7.25,no
2026-07-23T00:12:54.058531,4127.25,4134.39,4101.13,8.34,no
2026-07-23T03:42:59.713611,4127.42,4139.4,4112.2,7.74,no
2026-07-23T06:18:08.838761,4125.4,4130.59,4119.51,5.66,no
2026-07-23T08:46:16.229158,4091.24,4122.46,4088.66,7.55,no
2026-07-23T10:52:21.620574,4092.7,4099.41,4086.2,6.87,no
2026-07-23T12:15:22.353192,4082.01,4095.41,4073.05,6.64,no
2026-07-23T14:32:29.236867,4057.03,4075.34,4040.25,11.85,no
2026-07-23T16:09:30.007138,4048.56,4061.83,4040.25,11.25,no
2026-07-23T17:42:59.999685,4044.28,4054.63,4042.45,7.23,no
2026-07-23T18:48:38.574937,4048.19,4054.63,4040.76,4.84,no
2026-07-23T20:01:52.242181,4049.84,4051.2,4040.76,4.74,no
2026-07-23T21:10:59.150944,4049.59,4051.35,4043.06,4.23,no
2026-07-23T22:12:35.506713,4049.62,4051.35,4043.06,3.91,no
2026-07-23T23:10:08.936336,4048.4,4051.35,4047.4,3.4,no
2026-07-24T00:08:31.629580,4045.53,4051.23,4046.74,2.98,no
2026-07-24T03:37:09.415590,4031.71,4050.6,4023.15,7.18,no
2026-07-24T06:11:28.075278,4027.21,4032.3,4022.06,6.29,no
2026-07-24T08:40:01.655078,4053.03,4053.82,4031.8,6.96,no
2026-07-24T10:36:31.329365,4061.45,4063.77,4048.9,5.52,no
2026-07-24T12:05:06.100570,4053.84,4063.95,4051.55,5.42,no
2026-07-24T14:04:19.376502,4066.79,4068.75,4044.72,7.57,yes
2026-07-24T15:36:39.430363,4074.56,4082.13,4044.81,9.91,no
2026-07-24T17:09:09.772582,4065.39,4082.13,4061.94,8.97,no
2026-07-24T18:42:39.959174,4052.33,4074.14,4055.16,5.68,yes
2026-07-24T20:01:15.187370,4053.57,4064.65,4049.33,4.57,no
2026-07-24T21:07:18.805614,4053.14,4058.07,4049.33,4.43,no
2026-07-24T22:15:04.398776,4053.14,4058.07,4049.33,4.43,no
2026-07-24T23:16:15.628044,4053.14,4058.07,4049.33,4.43,no
2026-07-25T00:15:03.653487,4053.14,4058.07,4049.33,4.43,no
2026-07-25T03:37:31.502234,4053.14,4058.07,4049.33,4.43,no
2026-07-25T06:02:59.746328,4053.14,4058.07,4049.33,4.43,no
2026-07-25T08:18:46.990687,4053.14,4058.07,4049.33,4.43,no
2026-07-25T10:01:40.731865,4053.14,4058.07,4049.33,4.43,no
2026-07-25T11:14:19.125941,4053.14,4058.07,4049.33,4.43,no
2026-07-25T12:09:28.790320,4053.14,4058.07,4049.33,4.43,no
2026-07-25T13:58:14.544443,4053.14,4058.07,4049.33,4.43,no
2026-07-25T14:58:40.414420,4053.14,4058.07,4049.33,4.43,no
2026-07-25T16:02:01.263609,4053.14,4058.07,4049.33,4.43,no
2026-07-25T17:05:44.859384,4053.14,4058.07,4049.33,4.43,no
2026-07-25T18:03:48.102275,4053.14,4058.07,4049.33,4.43,no
2026-07-25T19:20:53.580740,4053.14,4058.07,4049.33,4.43,no
2026-07-25T20:16:00.538498,4053.14,4058.07,4049.33,4.43,no
2026-07-25T21:09:00.720944,4053.14,4058.07,4049.33,4.43,no
2026-07-25T22:05:43.913394,4053.14,4058.07,4049.33,4.43,no
2026-07-25T23:05:17.342566,4053.14,4058.07,4049.33,4.43,no
2026-07-26T00:07:36.485622,4053.14,4058.07,4049.33,4.43,no
2026-07-26T03:49:30.557417,4053.14,4058.07,4049.33,4.43,no
2026-07-26T06:24:45.082286,4053.14,4058.07,4049.33,4.43,no
2026-07-26T08:42:04.730796,4053.14,4058.07,4049.33,4.43,no
2026-07-26T10:21:32.185871,4053.14,4058.07,4049.33,4.43,no
2026-07-26T11:39:50.188448,4053.14,4058.07,4049.33,4.43,no
2026-07-26T12:42:10.471710,4053.14,4058.07,4049.33,4.43,no
2026-07-26T14:13:30.121644,4053.14,4058.07,4049.33,4.43,no
2026-07-26T15:21:09.390952,4053.14,4058.07,4049.33,4.43,no
2026-07-26T16:16:56.445189,4053.14,4058.07,4049.33,4.43,no
2026-07-26T17:17:33.732072,4053.14,4058.07,4049.33,4.43,no
2026-07-26T18:12:55.435148,4053.14,4058.07,4049.33,4.43,no
2026-07-26T19:33:06.675215,4053.14,4058.07,4049.33,4.43,no
2026-07-26T20:31:56.148797,4053.14,4058.07,4049.33,4.43,no
2026-07-26T21:28:31.819867,4053.14,4058.07,4049.33,4.43,no
2026-07-26T22:29:01.085179,4086.39,4096.8,4049.33,7.41,yes
2026-07-26T23:28:08.861840,4084.85,4096.8,4051.79,7.45,no
2026-07-27T01:06:40.649708,4111.59,4116.3,4083.74,11.84,no
2026-07-27T04:47:48.558316,4090.64,4097.7,4085.2,5.12,no
2026-07-27T08:15:50.216398,4090.89,4106.05,4087.14,6.1,no
2026-07-27T11:40:23.091302,4096.98,4104.18,4086.61,5.75,no
2026-07-27T13:56:19.216763,4088.08,4097.74,4075.61,7.29,no
2026-07-27T16:07:53.803856,4080.36,4079.95,4065.43,8.09,no
2026-07-27T17:51:56.783579,4076.42,4093.96,4070.76,6.38,no
2026-07-27T19:03:45.790585,4078.22,4082.48,4070.76,5.72,no
2026-07-27T20:37:56.112114,4077.07,4089.42,4072.95,4.49,no
2026-07-27T21:43:58.077195,4076.74,4089.42,4074.91,4.39,no
2026-07-27T22:41:43.086721,4074.66,4089.42,4071.05,4.78,yes
2026-07-27T23:42:57.069133,4072.22,4083.6,4071.05,4.04,no
2026-07-28T01:02:24.208637,4057.11,4075.09,4057.71,5.02,no
2026-07-28T04:15:19.839392,4043.88,4051.21,4040.41,5.45,no
2026-07-28T06:40:26.002537,4050.61,4049.13,4034.93,4.96,no
2026-07-28T09:21:33.220804,4043.72,4055.39,4040.72,5.21,no
2026-07-28T11:30:56.695764,4028.16,4040.45,4017.02,7.16,no
2026-07-28T13:10:34.950564,4032.3,4038.21,4022.99,7.65,no
2026-07-28T15:30:47.300762,4035.95,4041.14,4011.51,9.12,no
2026-07-28T16:59:07.098436,4036.98,4047.15,4021.29,8.34,no
2026-07-28T18:13:06.100353,4028.86,4046.6,4025.82,6.64,no
2026-07-28T19:51:12.794166,4025.61,4030.51,4021.77,4.53,no
2026-07-28T20:51:42.139316,4027.61,4030.26,4021.77,4.21,no
2026-07-28T21:50:36.638847,4028.58,4030.26,4021.77,4.21,no
2026-07-28T22:44:29.827806,4018.42,4030.84,4017.49,4.52,no
2026-07-28T23:40:28.499960,4019.28,4030.84,4014.03,4.85,no
2026-07-29T01:05:56.442363,4011.98,4029.8,4015.14,7.03,no
2026-07-29T04:22:21.923583,4022.45,4038.01,4021.41,6.73,no
2026-07-29T07:08:59.483812,4044.03,4044.83,4026.76,5.09,no
2026-07-29T09:46:31.319012,4034.22,4047.0,4031.4,3.77,no
2026-07-29T11:49:20.009501,4035.22,4036.45,4025.05,4.04,no
2026-07-29T13:25:57.248752,4019.98,4036.25,4009.33,6.85,no
2026-07-29T15:24:47.887713,4008.73,4023.51,3996.14,9.81,no
2026-07-29T16:43:16.975190,4016.94,4017.7,3998.45,8.62,no
2026-07-29T17:54:29.644181,4045.56,4050.67,4007.72,9.59,no
2026-07-29T18:45:05.339622,4085.26,4086.03,4014.98,15.06,no
2026-07-29T20:01:20.666007,4049.52,4116.47,4043.57,21.97,no
2026-07-29T21:00:04.628314,4066.4,4116.47,4042.75,20.92,no
2026-07-29T22:01:27.620892,4071.1,4116.47,4042.75,20.67,no
2026-07-29T23:01:21.445803,4090.93,4090.67,4042.75,15.55,no
2026-07-30T00:03:21.791549,4081.32,4100.73,4064.53,10.73,no
2026-07-30T03:15:21.707114,4063.85,4091.22,4060.44,9.59,no
2026-07-30T05:59:09.507395,4034.45,4060.3,4028.49,9.15,yes
2026-07-30T08:23:35.262439,4059.48,4056.22,4029.52,10.34,no
2026-07-30T10:35:32.681317,4078.45,4077.73,4059.54,10.48,no
2026-07-30T12:13:17.314361,4075.69,4083.26,4063.01,7.76,no
2026-07-30T14:30:07.967473,4095.04,4120.38,4065.12,12.68,no
2026-07-30T16:05:59.101211,4112.64,4120.38,4083.18,15.49,no
2026-07-30T17:43:02.461367,4104.34,4119.3,4092.65,10.42,no
2026-07-30T18:59:45.135691,4099.55,4111.33,4098.52,7.14,no
2026-07-30T20:13:31.884562,4113.92,4115.47,4098.9,6.5,no
2026-07-30T21:30:16.167675,4103.85,4117.57,4098.9,6.35,no
2026-07-30T22:35:45.257642,4108.49,4117.57,4099.26,5.57,no
2026-07-30T23:35:25.039832,4103.9,4112.65,4099.26,4.91,no
2026-07-31T01:08:16.438639,4098.05,4111.82,4090.49,4.99,no
2026-07-31T04:33:57.304532,4081.2,4084.47,4072.1,5.48,no
2026-07-31T07:24:59.089518,4075.18,4087.55,4072.84,5.01,no
2026-07-31T10:02:20.535838,4056.29,4067.9,4050.36,6.12,no
2026-07-31T12:05:22.887873,4057.6,4061.14,4050.79,5.67,no
2026-07-31T14:28:19.858381,4038.74,4059.4,4021.04,9.47,no
2026-07-31T16:15:50.356354,4045.98,4052.78,4030.04,9.21,no
2026-07-31T17:52:43.463098,4054.17,4053.43,4039.93,6.85,no
2026-07-31T18:59:27.619558,4050.8,4055.2,4041.59,5.64,no
2026-07-31T20:19:33.559969,4048.17,4055.68,4045.33,5.14,no
2026-07-31T21:31:34.055857,4044.43,4055.68,4045.33,5.29,no
2026-07-31T22:33:27.441906,4044.43,4055.68,4045.33,5.29,no
2026-07-31T23:33:08.325118,4044.43,4055.68,4045.33,5.29,no
2026-08-01T01:06:43.756056,4044.43,4055.68,4045.33,5.29,no
2026-08-01T04:28:51.465909,4044.43,4055.68,4045.33,5.29,no
2026-08-01T07:01:20.591285,4044.43,4055.68,4045.33,5.29,no
2026-08-01T09:08:51.769557,4044.43,4055.68,4045.33,5.29,no
2026-08-01T10:45:57.578987,4044.43,4055.68,4045.33,5.29,no
2026-08-01T11:47:30.085825,4044.43,4055.68,4045.33,5.29,no
2026-08-01T12:41:30.916994,4044.43,4055.68,4045.33,5.29,no
2026-08-01T14:10:10.950242,4044.43,4055.68,4045.33,5.29,no
2026-08-01T15:14:24.286652,4044.43,4055.68,4045.33,5.29,no
2026-08-01T16:12:10.617442,4044.43,4055.68,4045.33,5.29,no
2026-08-01T17:12:32.256265,4044.43,4055.68,4045.33,5.29,no
2026-08-01T18:09:28.316025,4044.43,4055.68,4045.33,5.29,no
2026-08-01T19:29:57.479583,4044.43,4055.68,4045.33,5.29,no
2026-08-01T20:26:10.498841,4044.43,4055.68,4045.33,5.29,no
2026-08-01T21:14:35.007505,4044.43,4055.68,4045.33,5.29,no
2026-08-01T22:10:29.442954,4044.43,4055.68,4045.33,5.29,no
2026-08-01T23:07:49.510262,4044.43,4055.68,4045.33,5.29,no
2026-08-02T00:07:14.704960,4044.43,4055.68,4045.33,5.29,no
2026-08-02T03:46:20.478324,4044.43,4055.68,4045.33,5.29,no
2026-08-02T06:20:52.143869,4044.43,4055.68,4045.33,5.29,no
2026-08-02T08:39:35.295358,4044.43,4055.68,4045.33,5.29,no
2026-08-02T10:18:03.940256,4044.43,4055.68,4045.33,5.29,no
2026-08-02T11:35:41.060889,4044.43,4055.68,4045.33,5.29,no
2026-08-02T12:38:17.313509,4044.43,4055.68,4045.33,5.29,no
2026-08-02T14:11:38.789415,4044.43,4055.68,4045.33,5.29,no
2026-08-02T15:17:17.015166,4044.43,4055.68,4045.33,5.29,no
2026-08-02T16:14:06.863671,4044.43,4055.68,4045.33,5.29,no
2026-08-02T17:14:25.812207,4044.43,4055.68,4045.33,5.29,no
2026-08-02T18:10:29.300537,4044.43,4055.68,4045.33,5.29,no
2026-08-02T19:30:56.948039,4044.43,4055.68,4045.33,5.29,no
2026-08-02T20:28:38.316514,4044.43,4055.68,4045.33,5.29,no
2026-08-02T21:23:52.536966,4044.43,4055.68,4045.33,5.29,no
2026-08-02T22:14:17.852989,4078.69,4055.68,4043.17,7.42,no
2026-08-02T23:11:03.046372,4064.29,4079.71,4043.17,7.69,no
2026-08-03T00:09:10.443428,4074.83,4079.71,4063.35,8.06,no
2026-08-03T03:49:25.008766,4061.38,4068.05,4050.04,7.54,no
2026-08-03T06:47:51.985916,4065.41,4072.16,4054.3,6.55,yes
2026-08-03T10:27:59.881301,4053.22,4062.54,4046.73,5.88,no
2026-08-03T13:23:19.072612,4034.47,4064.65,4038.91,7.28,no
2026-08-03T15:58:48.582093,4036.89,4039.43,4026.81,8.48,no
2026-08-03T17:48:13.031561,4035.56,4040.97,4033.39,4.65,no
2026-08-03T19:10:26.879758,4045.81,4045.08,4029.78,4.6,no
2026-08-03T20:38:09.615002,4057.78,4055.89,4036.61,4.88,no
2026-08-03T21:45:29.184211,4055.37,4058.2,4040.53,4.8,no
2026-08-03T22:41:15.899488,4052.97,4058.2,4049.34,4.34,no
2026-08-03T23:45:27.745819,4051.51,4057.28,4049.34,3.39,no
2026-08-04T01:07:13.566406,4044.71,4069.46,4048.76,5.37,yes
2026-08-04T04:23:35.891487,4057.41,4065.11,4051.26,5.79,no
2026-08-04T06:45:58.567320,4060.3,4067.86,4055.8,5.13,no
2026-08-04T09:29:28.848547,4050.63,4072.9,4048.7,5.42,no
2026-08-04T11:39:05.311503,4062.28,4061.08,4045.66,5.59,no
2026-08-04T13:20:38.464710,4064.49,4084.5,4055.56,9.04,no
2026-08-04T15:39:21.524185,4086.05,4093.93,4074.46,11.96,no
2026-08-04T17:16:39.704812,4099.58,4106.49,4074.86,7.7,no
2026-08-04T18:54:32.600410,4079.97,4106.49,4076.4,6.87,no
2026-08-04T20:15:09.921674,4078.7,4089.02,4075.27,5.89,no
2026-08-04T21:35:57.664873,4077.52,4084.91,4074.72,5.07,no
2026-08-04T22:39:07.202364,4083.77,4082.58,4074.72,4.68,no
2026-08-04T23:38:51.781439,4069.49,4085.93,4065.42,5.2,no
2026-08-05T00:59:51.334112,4082.4,4084.68,4065.42,5.58,no
2026-08-05T04:08:43.769231,4139.5,4136.68,4095.46,9.69,no
2026-08-05T06:38:28.183732,4175.07,4174.36,4132.44,8.74,no
2026-08-05T09:21:41.281634,4157.93,4172.74,4159.14,8.15,no
2026-08-05T11:32:43.553805,4179.76,4180.76,4150.22,7.05,no
2026-08-05T13:13:09.667038,4188.9,4213.53,4160.85,10.55,no
2026-08-05T15:25:56.618754,4260.31,4261.14,4185.78,15.23,no
2026-08-05T16:57:16.042541,4239.12,4265.24,4224.87,14.57,no
2026-08-05T18:15:45.587283,4253.22,4257.62,4232.79,9.97,no
2026-08-05T19:55:33.368143,4248.28,4267.84,4247.59,7.87,no
2026-08-05T20:54:56.451247,4244.51,4263.59,4245.17,6.65,no
2026-08-05T22:01:30.812282,4250.21,4262.24,4243.08,6.4,no
2026-08-05T23:04:40.314286,4252.33,4254.01,4243.08,4.75,no
2026-08-06T00:06:52.749750,4266.82,4281.97,4245.45,7.02,no
2026-08-06T03:29:38.588083,4265.05,4304.22,4273.02,14.65,no
2026-08-06T06:10:40.472807,4260.36,4268.65,4247.29,8.46,yes
2026-08-06T08:50:46.023462,4274.71,4274.94,4251.13,9.0,no
2026-08-06T11:08:30.808800,4269.96,4284.76,4264.65,7.29,no
2026-08-06T13:01:18.174990,4253.65,4273.45,4249.08,8.38,no
2026-08-06T15:18:09.038528,4258.14,4275.39,4236.01,13.31,no
2026-08-07T00:20:57.897455,4242.48,4253.3,4239.01,5.78,no
2026-08-07T03:20:14.968898,4253.94,4261.71,4239.33,9.48,yes
2026-08-07T05:06:37.315484,4263.14,4269.25,4249.72,6.78,no
2026-08-07T06:13:39.075304,4287.49,4280.59,4260.86,7.97,no
2026-08-07T07:39:55.653534,4286.46,4298.82,4266.07,8.69,yes
2026-08-07T08:37:20.165336,4302.45,4300.79,4280.12,10.21,no
2026-08-07T09:36:16.396112,4304.88,4316.84,4282.93,9.02,no
2026-08-07T10:29:01.492100,4313.55,4320.82,4293.36,9.08,no
2026-08-07T11:20:46.823262,4323.35,4326.26,4302.47,8.84,no
2026-08-07T12:00:49.156415,4321.86,4327.78,4308.15,7.3,no
2026-08-07T13:09:13.679955,4351.26,4372.02,4301.6,13.43,no
2026-08-07T14:17:14.759907,4333.36,4372.02,4301.6,16.83,no
2026-08-07T15:10:00.332780,4350.33,4368.08,4327.53,18.18,no
2026-08-07T16:06:36.958950,4345.62,4358.53,4327.53,14.28,no
2026-08-07T17:02:58.912225,4333.45,4358.53,4329.32,12.58,no
2026-08-07T17:53:50.851782,4341.15,4351.94,4327.87,10.31,no
2026-08-07T18:33:39.129394,4337.02,4343.18,4327.87,9.32,no
2026-08-07T19:33:20.569954,4345.9,4350.53,4329.97,8.63,no
2026-08-07T20:08:28.326889,4342.55,4350.53,4332.22,7.81,no
2026-08-07T20:53:41.130808,4341.16,4350.53,4333.31,6.86,no
2026-08-07T21:24:06.573284,4342.15,4350.53,4333.31,6.98,no
2026-08-07T22:00:30.534186,4342.15,4350.53,4333.31,6.98,no
2026-08-07T22:37:05.699889,4342.15,4350.53,4333.31,6.98,no
2026-08-07T23:08:58.704921,4342.15,4350.53,4333.31,6.98,no
2026-08-07T23:44:37.106226,4342.15,4350.53,4333.31,6.98,no
2026-08-08T00:05:12.065509,4342.15,4350.53,4333.31,6.98,no
2026-08-08T02:10:29.493107,4342.15,4350.53,4333.31,6.98,no
2026-08-08T03:41:47.201781,4342.15,4350.53,4333.31,6.98,no
2026-08-08T04:38:22.355373,4342.15,4350.53,4333.31,6.98,no
2026-08-08T05:22:53.842203,4342.15,4350.53,4333.31,6.98,no
2026-08-08T06:00:34.702997,4342.15,4350.53,4333.31,6.98,no
2026-08-08T06:56:26.225936,4342.15,4350.53,4333.31,6.98,no
2026-08-08T07:40:47.495289,4342.15,4350.53,4333.31,6.98,no
2026-08-08T08:19:32.128261,4342.15,4350.53,4333.31,6.98,no
2026-08-08T09:04:10.147600,4342.15,4350.53,4333.31,6.98,no
2026-08-08T09:48:20.256473,4342.15,4350.53,4333.31,6.98,no
2026-08-08T10:14:46.563478,4342.15,4350.53,4333.31,6.98,no
2026-08-08T10:50:35.700350,4342.15,4350.53,4333.31,6.98,no
2026-08-08T11:13:51.829246,4342.15,4350.53,4333.31,6.98,no
2026-08-08T11:41:41.594347,4342.15,4350.53,4333.31,6.98,no
2026-08-08T12:00:26.792149,4342.15,4350.53,4333.31,6.98,no
2026-08-08T12:50:49.150670,4342.15,4350.53,4333.31,6.98,no
2026-08-08T13:34:43.435545,4342.15,4350.53,4333.31,6.98,no
2026-08-08T14:08:40.322240,4342.15,4350.53,4333.31,6.98,no
2026-08-08T14:45:05.251682,4342.15,4350.53,4333.31,6.98,no
2026-08-08T15:04:43.720299,4342.15,4350.53,4333.31,6.98,no
2026-08-08T15:37:47.804588,4342.15,4350.53,4333.31,6.98,no
2026-08-08T15:59:53.358760,4342.15,4350.53,4333.31,6.98,no
2026-08-08T16:32:56.881792,4342.15,4350.53,4333.31,6.98,no
2026-08-08T17:04:09.813334,4342.15,4350.53,4333.31,6.98,no
2026-08-08T17:38:33.781455,4342.15,4350.53,4333.31,6.98,no
2026-08-08T18:00:43.673539,4342.15,4350.53,4333.31,6.98,no
2026-08-08T18:40:05.449165,4342.15,4350.53,4333.31,6.98,no
2026-08-08T19:14:45.323289,4342.15,4350.53,4333.31,6.98,no
2026-08-08T19:43:56.427158,4342.15,4350.53,4333.31,6.98,no
2026-08-08T20:02:08.662986,4342.15,4350.53,4333.31,6.98,no
2026-08-08T20:36:49.053608,4342.15,4350.53,4333.31,6.98,no
2026-08-08T21:02:20.315753,4342.15,4350.53,4333.31,6.98,no
2026-08-08T21:36:50.722592,4342.15,4350.53,4333.31,6.98,no
2026-08-08T21:58:47.708259,4342.15,4350.53,4333.31,6.98,no
2026-08-08T22:24:37.497608,4342.15,4350.53,4333.31,6.98,no
2026-08-08T22:52:07.576343,4342.15,4350.53,4333.31,6.98,no
2026-08-08T23:13:09.159926,4342.15,4350.53,4333.31,6.98,no
2026-08-08T23:43:35.407548,4342.15,4350.53,4333.31,6.98,no
2026-08-09T00:01:57.529455,4342.15,4350.53,4333.31,6.98,no
2026-08-09T02:08:43.093394,4342.15,4350.53,4333.31,6.98,no
2026-08-09T03:50:33.918432,4342.15,4350.53,4333.31,6.98,no
2026-08-09T04:51:02.934284,4342.15,4350.53,4333.31,6.98,no
2026-08-09T05:36:13.974671,4342.15,4350.53,4333.31,6.98,no
2026-08-09T06:23:58.249715,4342.15,4350.53,4333.31,6.98,no
2026-08-09T07:27:07.592021,4342.15,4350.53,4333.31,6.98,no
2026-08-09T08:06:10.332403,4342.15,4350.53,4333.31,6.98,no
2026-08-09T08:55:33.417555,4342.15,4350.53,4333.31,6.98,no
2026-08-09T09:27:06.326683,4342.15,4350.53,4333.31,6.98,no
2026-08-09T10:03:01.419752,4342.15,4350.53,4333.31,6.98,no
2026-08-09T10:42:55.136300,4342.15,4350.53,4333.31,6.98,no
2026-08-09T11:05:58.169077,4342.15,4350.53,4333.31,6.98,no
2026-08-09T11:38:19.688186,4342.15,4350.53,4333.31,6.98,no
2026-08-09T11:59:57.330659,4342.15,4350.53,4333.31,6.98,no
2026-08-09T12:50:05.006531,4342.15,4350.53,4333.31,6.98,no
2026-08-09T13:37:36.795439,4342.15,4350.53,4333.31,6.98,no
2026-08-09T14:17:01.093384,4342.15,4350.53,4333.31,6.98,no
2026-08-09T14:53:47.655347,4342.15,4350.53,4333.31,6.98,no
2026-08-09T15:17:00.989733,4342.15,4350.53,4333.31,6.98,no
2026-08-09T15:47:53.537714,4342.15,4350.53,4333.31,6.98,no
2026-08-09T16:12:58.581660,4342.15,4350.53,4333.31,6.98,no
2026-08-09T16:52:37.496381,4342.15,4350.53,4333.31,6.98,no
2026-08-09T17:17:29.433573,4342.15,4350.53,4333.31,6.98,no
2026-08-09T17:48:35.615576,4342.15,4350.53,4333.31,6.98,no
2026-08-09T18:15:45.038187,4342.15,4350.53,4333.31,6.98,no
2026-08-09T19:01:14.619288,4342.15,4350.53,4333.31,6.98,no
2026-08-09T19:36:35.957266,4342.15,4350.53,4333.31,6.98,no
2026-08-09T20:00:41.157919,4342.15,4350.53,4333.31,6.98,no
2026-08-09T20:34:44.399874,4342.15,4350.53,4333.31,6.98,no
2026-08-09T21:04:20.562664,4342.15,4350.53,4333.31,6.98,no
2026-08-09T21:41:23.089596,4342.15,4350.53,4333.31,6.98,no
2026-08-09T22:02:18.452303,4343.17,4350.53,4335.53,7.15,no
2026-08-09T22:37:57.621484,4340.9,4353.1,4333.77,7.28,no
2026-08-09T23:02:45.984304,4344.09,4353.1,4333.77,7.0,no
2026-08-09T23:38:29.260203,4341.51,4353.1,4333.77,7.04,no
2026-08-10T00:01:59.721666,4336.92,4353.1,4332.17,7.33,no
2026-08-10T02:15:58.686903,4324.71,4345.84,4313.34,8.64,no
2026-08-10T04:07:34.100338,4324.7,4332.57,4317.72,8.11,no
2026-08-10T05:40:48.099378,4343.62,4339.84,4323.08,7.19,no
2026-08-10T06:54:53.724082,4356.95,4355.75,4331.77,7.28,no
2026-08-10T08:18:55.522368,4353.95,4362.1,4342.67,7.32,no
2026-08-10T09:50:54.668815,4341.18,4362.1,4340.54,6.56,no
2026-08-10T10:50:58.363120,4338.92,4350.1,4337.95,5.39,no
2026-08-10T11:36:01.159787,4337.17,4347.09,4329.01,5.62,no
2026-08-10T12:25:58.599957,4326.82,4344.22,4329.01,5.49,no
2026-08-10T13:51:07.286203,4327.92,4339.99,4324.32,7.26,no
2026-08-10T14:45:48.932846,4350.02,4352.05,4316.78,8.91,no
2026-08-10T15:38:52.332114,4351.14,4352.31,4316.78,9.58,no
2026-08-10T16:27:22.371662,4363.51,4364.82,4328.57,9.67,no
2026-08-10T17:23:03.128068,4359.63,4364.82,4346.05,8.47,no
2026-08-10T18:07:57.345310,4364.45,4365.55,4349.33,6.79,no
2026-08-10T19:10:33.720515,4381.52,4383.11,4351.79,7.3,no
2026-08-10T19:58:47.904941,4389.28,4394.14,4357.74,7.66,no
2026-08-10T20:38:25.842500,4390.45,4395.27,4365.26,6.72,no
2026-08-10T21:22:54.340287,4390.32,4395.27,4373.59,6.53,no
2026-08-10T22:02:01.454904,4390.69,4395.27,4378.72,6.49,no
2026-08-10T22:43:59.318428,4395.87,4395.27,4384.58,6.33,no
2026-08-10T23:18:02.965774,4396.11,4402.17,4386.66,5.28,no
2026-08-10T23:52:11.308637,4398.07,4402.17,4387.38,4.69,no
2026-08-11T00:38:25.587014,4411.23,4416.23,4392.33,5.28,no
2026-08-11T02:37:45.841639,4419.35,4435.33,4393.8,10.28,no
2026-08-11T04:04:20.160153,4418.15,4435.33,4408.02,10.22,no
2026-08-11T05:16:54.369023,4401.59,4421.64,4399.4,8.36,no
2026-08-11T06:05:35.613718,4378.51,4420.42,4367.49,9.23,no
2026-08-11T07:21:51.887539,4360.07,4402.23,4359.76,9.94,no
2026-08-11T08:16:49.360837,4362.01,4376.15,4356.83,9.65,no
2026-08-11T09:14:45.598344,4372.69,4376.69,4356.83,8.68,no
2026-08-11T10:10:08.306235,4373.58,4376.69,4357.03,6.71,no
2026-08-11T11:02:25.446821,4389.09,4382.64,4367.66,6.67,no
2026-08-11T11:49:50.990931,4387.47,4393.03,4370.34,6.13,yes
2026-08-11T12:30:07.949327,4391.51,4399.76,4377.01,6.65,no
2026-08-11T13:53:56.398768,4393.04,4401.73,4383.99,9.24,no
2026-08-11T14:46:51.214519,4395.11,4404.26,4381.28,9.8,no
2026-08-11T15:41:27.543582,4371.99,4404.26,4381.28,11.03,no
2026-08-11T16:32:12.613771,4381.3,4398.89,4369.2,9.87,no
2026-08-11T17:30:20.198110,4381.8,4387.05,4369.2,7.5,no
2026-08-11T18:25:21.923176,4365.22,4385.86,4360.29,7.79,no
2026-08-11T19:31:19.207688,4371.23,4382.07,4360.29,6.49,no
2026-08-11T20:09:56.676753,4370.72,4374.28,4360.29,6.84,yes
2026-08-11T21:00:29.143578,4368.49,4374.28,4361.36,6.37,no
2026-08-11T21:50:14.441299,4368.49,4374.28,4361.36,6.37,no
2026-08-11T22:25:41.687647,4376.28,4378.0,4361.36,6.11,no
2026-08-11T23:09:03.118239,4366.11,4378.47,4367.22,5.79,no
2026-08-11T23:54:25.496399,4369.22,4378.47,4362.56,5.57,no
2026-08-12T00:44:54.583487,4382.07,4381.26,4362.56,6.13,no
2026-08-12T03:11:03.339331,4413.84,4414.55,4378.43,7.79,no
2026-08-12T04:58:15.266939,4400.7,4416.26,4395.49,6.48,no
2026-08-12T06:10:01.002527,4386.7,4404.9,4384.13,6.51,no
2026-08-12T07:47:39.158226,4407.53,4408.55,4384.13,6.62,no
2026-08-12T08:52:31.633943,4403.84,4410.59,4394.61,6.38,no
2026-08-12T09:50:12.076054,4413.17,4424.46,4401.78,6.35,no
2026-08-12T10:45:00.670478,4414.9,4424.46,4401.78,5.85,no
2026-08-12T11:30:23.717051,4415.68,4421.03,4407.45,6.14,no
2026-08-12T12:10:03.403338,4407.74,4421.03,4407.45,6.65,no
2026-08-12T13:40:35.266433,4415.07,4441.43,4383.81,13.72,no
2026-08-12T14:41:37.914078,4419.47,4441.43,4383.81,16.45,no
2026-08-12T15:35:27.315968,4419.24,4439.82,4408.56,18.06,no
2026-08-12T16:29:43.219752,4423.4,4439.82,4411.14,12.89,no
2026-08-12T17:28:11.687023,4407.14,4428.21,4396.62,11.44,no
2026-08-12T18:24:34.110061,4410.13,4426.59,4396.38,9.63,no
2026-08-12T19:31:42.972494,4415.79,4418.44,4396.38,7.36,no
2026-08-12T20:09:43.647007,4410.93,4418.44,4396.38,6.99,no
2026-08-12T20:59:05.353944,4408.61,4418.44,4406.68,5.47,no
2026-08-12T21:41:38.556963,4408.59,4418.44,4406.68,5.47,no
2026-08-12T22:22:47.622750,4402.15,4418.04,4402.45,5.17,no
2026-08-12T23:05:53.516933,4403.38,4414.32,4398.31,4.45,no
2026-08-12T23:53:05.990141,4409.38,4413.44,4398.31,4.3,no
2026-08-13T00:46:08.374882,4439.82,4449.81,4399.93,7.2,no
2026-08-13T03:14:34.117613,4406.49,4435.41,4399.07,12.08,no
2026-08-13T05:03:55.338796,4396.97,4412.25,4391.76,7.1,no
2026-08-13T06:22:38.602993,4375.27,4407.34,4375.19,8.03,yes
2026-08-13T07:57:57.669578,4370.57,4389.39,4368.9,8.16,no
2026-08-13T09:06:30.643416,4373.11,4381.78,4364.17,6.86,no
2026-08-13T10:18:16.170467,4383.49,4385.46,4364.98,5.54,no
2026-08-13T11:11:57.994758,4391.35,4393.85,4372.58,5.79,no
2026-08-13T11:57:14.205321,4384.82,4396.42,4378.6,5.35,no
2026-08-13T12:53:33.013663,4395.41,4401.33,4380.71,6.94,no
2026-08-13T14:10:55.409518,4370.72,4402.37,4370.96,9.63,no
2026-08-13T15:12:18.432004,4370.75,4402.37,4357.27,12.17,no
2026-08-13T16:08:14.719720,4361.94,4387.19,4357.27,12.06,no
2026-08-13T17:08:01.232338,4371.76,4385.76,4351.34,11.15,no
2026-08-13T18:03:32.739937,4359.4,4373.41,4351.34,8.93,no
2026-08-13T19:13:17.558215,4352.45,4373.41,4354.79,7.35,no
2026-08-13T19:59:25.271446,4349.86,4363.69,4343.7,6.59,no
2026-08-13T20:40:24.554345,4349.13,4360.44,4343.7,6.1,no
2026-08-13T21:26:47.160688,4351.1,4358.99,4343.7,5.61,no
2026-08-13T22:09:04.962078,4356.56,4358.99,4343.7,5.38,no
2026-08-13T22:57:47.215748,4355.93,4362.91,4347.0,5.26,no
2026-08-13T23:35:20.958244,4361.73,4363.21,4348.04,5.34,no
2026-08-14T00:10:11.659590,4357.65,4364.34,4349.26,5.74,no
2026-08-14T02:41:36.895282,4319.94,4347.01,4310.99,10.53,no
2026-08-14T04:26:59.018698,4327.1,4328.29,4311.81,8.39,no
2026-08-14T05:52:08.315132,4327.6,4328.07,4311.09,6.56,no
2026-08-14T07:00:13.804804,4335.32,4335.19,4314.18,5.71,no
2026-08-14T08:16:19.017156,4348.22,4347.99,4328.05,6.86,no
2026-08-14T09:28:05.682208,4351.28,4351.14,4329.79,5.9,no
2026-08-14T10:32:04.553051,4349.47,4358.75,4342.82,5.55,no
2026-08-14T11:20:47.527259,4355.86,4358.75,4348.09,5.11,no
2026-08-14T12:00:31.789795,4371.85,4369.48,4348.09,5.3,no
2026-08-14T13:09:15.876085,4376.99,4387.03,4348.59,7.38,no
2026-08-14T14:18:58.647180,4389.43,4396.99,4369.75,9.24,yes
2026-08-14T15:09:07.015558,4389.16,4396.99,4370.34,10.25,no
2026-08-14T16:02:05.510607,4393.93,4395.11,4379.0,9.51,no
2026-08-14T16:59:19.003813,4385.62,4396.77,4379.0,8.85,no
2026-08-14T17:51:13.261751,4376.77,4396.77,4377.1,7.09,no
2026-08-14T18:35:08.192076,4378.31,4389.05,4376.43,5.92,no
2026-08-14T19:32:11.892218,4377.52,4382.91,4370.95,4.86,no
2026-08-14T20:03:59.896479,4374.04,4382.8,4370.95,4.6,no
2026-08-14T20:38:00.117715,4376.05,4382.8,4370.95,4.51,no
2026-08-14T20:59:30.802163,4376.43,4379.93,4370.95,4.26,no
2026-08-14T21:23:30.647484,4376.43,4379.93,4370.95,4.26,no
2026-08-14T21:44:50.300054,4376.43,4379.93,4370.95,4.26,no
2026-08-14T21:58:54.025376,4376.43,4379.93,4370.95,4.26,no
2026-08-14T22:19:29.828621,4376.43,4379.93,4370.95,4.26,no
2026-08-14T22:43:06.902320,4376.43,4379.93,4370.95,4.26,no
2026-08-14T22:58:23.103114,4376.43,4379.93,4370.95,4.26,no
2026-08-14T23:17:26.646125,4376.43,4379.93,4370.95,4.26,no
2026-08-14T23:39:28.079246,4376.43,4379.93,4370.95,4.26,no
2026-08-14T23:56:22.025006,4376.43,4379.93,4370.95,4.26,no
2026-08-15T00:40:30.518143,4376.43,4379.93,4370.95,4.26,no
2026-08-15T02:02:35.640027,4376.43,4379.93,4370.95,4.26,no
2026-08-15T02:58:19.386294,4376.43,4379.93,4370.95,4.26,no
2026-08-15T03:34:43.853140,4376.43,4379.93,4370.95,4.26,no
2026-08-15T04:05:50.883616,4376.43,4379.93,4370.95,4.26,no
2026-08-15T04:40:25.351739,4376.43,4379.93,4370.95,4.26,no
2026-08-15T05:00:39.393880,4376.43,4379.93,4370.95,4.26,no
2026-08-15T05:26:30.502780,4376.43,4379.93,4370.95,4.26,no
2026-08-15T05:48:06.146102,4376.43,4379.93,4370.95,4.26,no
2026-08-15T06:01:42.672446,4376.43,4379.93,4370.95,4.26,no
2026-08-15T06:46:09.651949,4376.43,4379.93,4370.95,4.26,no
2026-08-15T07:16:40.335503,4376.43,4379.93,4370.95,4.26,no
2026-08-15T07:45:20.075981,4376.43,4379.93,4370.95,4.26,no
2026-08-15T07:59:13.332469,4376.43,4379.93,4370.95,4.26,no
2026-08-15T08:25:49.996835,4376.43,4379.93,4370.95,4.26,no
2026-08-15T08:51:00.714628,4376.43,4379.93,4370.95,4.26,no
2026-08-15T09:11:05.673153,4376.43,4379.93,4370.95,4.26,no
2026-08-15T09:36:49.102718,4376.43,4379.93,4370.95,4.26,no
2026-08-15T09:53:38.980046,4376.43,4379.93,4370.95,4.26,no
2026-08-15T10:08:08.473742,4376.43,4379.93,4370.95,4.26,no
2026-08-15T10:34:01.709039,4376.43,4379.93,4370.95,4.26,no
2026-08-15T10:51:00.976804,4376.43,4379.93,4370.95,4.26,no
2026-08-15T11:01:23.396672,4376.43,4379.93,4370.95,4.26,no
2026-08-15T11:23:16.291419,4376.43,4379.93,4370.95,4.26,no
2026-08-15T11:39:18.513820,4376.43,4379.93,4370.95,4.26,no
2026-08-15T11:52:47.273410,4376.43,4379.93,4370.95,4.26,no
2026-08-15T12:01:03.573045,4376.43,4379.93,4370.95,4.26,no
2026-08-15T12:41:56.184636,4376.43,4379.93,4370.95,4.26,no
2026-08-15T13:16:12.398107,4376.43,4379.93,4370.95,4.26,no
2026-08-15T13:44:00.063128,4376.43,4379.93,4370.95,4.26,no
2026-08-15T13:58:34.249426,4376.43,4379.93,4370.95,4.26,no
2026-08-15T14:18:00.521012,4376.43,4379.93,4370.95,4.26,no
2026-08-15T14:41:23.198996,4376.43,4379.93,4370.95,4.26,no
2026-08-15T14:57:15.151302,4376.43,4379.93,4370.95,4.26,no
2026-08-15T15:13:02.414512,4376.43,4379.93,4370.95,4.26,no
2026-08-15T15:33:26.307283,4376.43,4379.93,4370.95,4.26,no
2026-08-15T15:48:37.407026,4376.43,4379.93,4370.95,4.26,no
2026-08-15T15:59:35.217404,4376.43,4379.93,4370.95,4.26,no
2026-08-15T16:22:20.831572,4376.43,4379.93,4370.95,4.26,no
2026-08-15T16:45:17.843251,4376.43,4379.93,4370.95,4.26,no
2026-08-15T17:00:24.373021,4376.43,4379.93,4370.95,4.26,no
2026-08-15T17:20:36.967694,4376.43,4379.93,4370.95,4.26,no
2026-08-15T17:39:56.052952,4376.43,4379.93,4370.95,4.26,no
2026-08-15T17:54:45.272348,4376.43,4379.93,4370.95,4.26,no
2026-08-15T18:08:23.872441,4376.43,4379.93,4370.95,4.26,no
2026-08-15T18:44:00.057697,4376.43,4379.93,4370.95,4.26,no
2026-08-15T19:02:38.826065,4376.43,4379.93,4370.95,4.26,no
2026-08-15T19:26:55.808245,4376.43,4379.93,4370.95,4.26,no
2026-08-15T19:41:56.176574,4376.43,4379.93,4370.95,4.26,no
2026-08-15T19:53:52.196265,4376.43,4379.93,4370.95,4.26,no
2026-08-15T20:01:34.868932,4376.43,4379.93,4370.95,4.26,no
2026-08-15T20:27:06.062312,4376.43,4379.93,4370.95,4.26,no
2026-08-15T20:45:27.999757,4376.43,4379.93,4370.95,4.26,no
2026-08-15T20:59:07.400741,4376.43,4379.93,4370.95,4.26,no
2026-08-15T21:18:44.948390,4376.43,4379.93,4370.95,4.26,no
2026-08-15T21:38:05.994650,4376.43,4379.93,4370.95,4.26,no
2026-08-15T21:52:43.610412,4376.43,4379.93,4370.95,4.26,no
2026-08-15T22:00:34.737328,4376.43,4379.93,4370.95,4.26,no
2026-08-15T22:23:03.511843,4376.43,4379.93,4370.95,4.26,no
2026-08-15T22:42:38.669572,4376.43,4379.93,4370.95,4.26,no
2026-08-15T22:57:22.077757,4376.43,4379.93,4370.95,4.26,no
2026-08-15T23:13:42.878176,4376.43,4379.93,4370.95,4.26,no
2026-08-15T23:33:16.265585,4376.43,4379.93,4370.95,4.26,no
2026-08-15T23:48:22.572850,4376.43,4379.93,4370.95,4.26,no
2026-08-15T23:58:36.649503,4376.43,4379.93,4370.95,4.26,no
2026-08-16T01:05:26.339232,4376.43,4379.93,4370.95,4.26,no
2026-08-16T02:24:30.398003,4376.43,4379.93,4370.95,4.26,no
2026-08-16T03:23:37.138321,4376.43,4379.93,4370.95,4.26,no
2026-08-16T04:04:08.650569,4376.43,4379.93,4370.95,4.26,no
2026-08-16T04:43:38.489590,4376.43,4379.93,4370.95,4.26,no
2026-08-16T05:05:16.293145,4376.43,4379.93,4370.95,4.26,no
2026-08-16T05:36:27.038040,4376.43,4379.93,4370.95,4.26,no
2026-08-16T05:57:08.212295,4376.43,4379.93,4370.95,4.26,no
2026-08-16T06:26:38.923532,4376.43,4379.93,4370.95,4.26,no
2026-08-16T07:07:09.636785,4376.43,4379.93,4370.95,4.26,no
2026-08-16T07:39:17.618577,4376.43,4379.93,4370.95,4.26,no
2026-08-16T07:57:10.451799,4376.43,4379.93,4370.95,4.26,no
2026-08-16T08:19:59.338608,4376.43,4379.93,4370.95,4.26,no
2026-08-16T08:50:10.194162,4376.43,4379.93,4370.95,4.26,no
2026-08-16T09:12:12.354760,4376.43,4379.93,4370.95,4.26,no
2026-08-16T09:38:44.156988,4376.43,4379.93,4370.95,4.26,no
2026-08-16T09:55:21.262335,4376.43,4379.93,4370.95,4.26,no
2026-08-16T10:10:53.657800,4376.43,4379.93,4370.95,4.26,no
2026-08-16T10:36:28.554998,4376.43,4379.93,4370.95,4.26,no
2026-08-16T10:53:28.905738,4376.43,4379.93,4370.95,4.26,no
2026-08-16T11:06:59.810857,4376.43,4379.93,4370.95,4.26,no
2026-08-16T11:29:43.592979,4376.43,4379.93,4370.95,4.26,no
2026-08-16T11:44:37.144539,4376.43,4379.93,4370.95,4.26,no
2026-08-16T11:56:49.804143,4376.43,4379.93,4370.95,4.26,no
2026-08-16T12:21:36.491203,4376.43,4379.93,4370.95,4.26,no
2026-08-16T13:04:50.474668,4376.43,4379.93,4370.95,4.26,no
2026-08-16T13:38:04.111049,4376.43,4379.93,4370.95,4.26,no
2026-08-16T13:55:41.120062,4376.43,4379.93,4370.95,4.26,no
2026-08-16T14:11:58.973039,4376.43,4379.93,4370.95,4.26,no
2026-08-16T14:35:56.537523,4376.43,4379.93,4370.95,4.26,no
2026-08-16T14:53:44.942507,4376.43,4379.93,4370.95,4.26,no
2026-08-16T15:07:39.301110,4376.43,4379.93,4370.95,4.26,no
2026-08-16T15:32:12.051003,4376.43,4379.93,4370.95,4.26,no
2026-08-16T15:48:32.219596,4376.43,4379.93,4370.95,4.26,no
2026-08-16T15:59:49.295845,4376.43,4379.93,4370.95,4.26,no
2026-08-16T16:23:59.569538,4376.43,4379.93,4370.95,4.26,no
2026-08-16T16:45:32.881916,4376.43,4379.93,4370.95,4.26,no
2026-08-16T17:00:34.766322,4376.43,4379.93,4370.95,4.26,no
2026-08-16T17:20:44.746421,4376.43,4379.93,4370.95,4.26,no
2026-08-16T17:38:13.228262,4376.43,4379.93,4370.95,4.26,no
2026-08-16T17:51:57.078787,4376.43,4379.93,4370.95,4.26,no
2026-08-16T18:00:18.193188,4376.43,4379.93,4370.95,4.26,no
2026-08-16T18:29:39.755948,4376.43,4379.93,4370.95,4.26,no
2026-08-16T18:55:46.592418,4376.43,4379.93,4370.95,4.26,no
2026-08-16T19:12:39.471085,4376.43,4379.93,4370.95,4.26,no
2026-08-16T19:31:22.409624,4376.43,4379.93,4370.95,4.26,no
2026-08-16T19:45:33.694044,4376.43,4379.93,4370.95,4.26,no
2026-08-16T19:55:27.151729,4376.43,4379.93,4370.95,4.26,no
2026-08-16T20:08:26.017900,4376.43,4379.93,4370.95,4.26,no
2026-08-16T20:33:50.986835,4376.43,4379.93,4370.95,4.26,no
2026-08-16T20:51:19.838773,4376.43,4379.93,4370.95,4.26,no
2026-08-16T21:01:43.575624,4376.43,4379.93,4370.95,4.26,no
2026-08-16T21:25:02.384766,4376.43,4379.93,4370.95,4.26,no
2026-08-16T21:39:42.886374,4376.43,4379.93,4370.95,4.26,no
2026-08-16T21:52:51.458108,4376.43,4379.93,4370.95,4.26,no
2026-08-16T22:00:20.302593,4379.05,4379.93,4371.32,4.45,no
2026-08-16T22:21:40.590123,4373.58,4383.73,4371.32,4.68,no
2026-08-16T22:41:09.446019,4378.24,4383.73,4371.32,4.63,no
2026-08-16T22:55:24.452660,4383.35,4383.73,4371.32,4.88,no
2026-08-16T23:08:28.029271,4382.12,4386.81,4371.32,4.98,no
2026-08-16T23:30:35.311832,4374.13,4386.81,4372.32,4.93,no
2026-08-16T23:45:24.952707,4369.0,4386.81,4367.36,5.25,no
2026-08-16T23:56:31.570539,4371.49,4386.81,4367.36,5.56,no
2026-08-17T00:42:20.538268,4390.79,4391.02,4367.36,6.76,no
2026-08-17T02:07:58.932083,4394.72,4416.61,4368.32,9.35,no
2026-08-17T03:09:18.720937,4391.69,4416.61,4388.43,8.81,no
2026-08-17T03:57:47.914282,4394.36,4404.04,4388.19,7.92,no
2026-08-17T04:35:10.728527,4391.93,4399.58,4388.19,6.91,no
2026-08-17T05:17:55.863056,4390.42,4399.58,4387.07,6.17,no
2026-08-17T05:52:18.205249,4394.85,4401.29,4387.07,6.87,no
2026-08-17T06:22:57.173537,4395.19,4401.29,4387.07,6.59,no
2026-08-17T07:27:23.565801,4398.38,4404.55,4387.09,7.0,no
2026-08-17T08:05:22.025957,4400.35,4411.44,4392.73,7.38,no
2026-08-17T08:54:41.058408,4393.5,4411.44,4396.04,6.58,no
2026-08-17T09:26:09.458820,4397.87,4411.44,4392.61,6.38,no
2026-08-17T10:03:00.386376,4393.39,4405.28,4392.61,5.85,no
2026-08-17T10:39:38.025270,4396.72,4405.71,4391.93,6.43,no
2026-08-17T11:00:23.746491,4399.74,4406.05,4391.93,5.61,no
2026-08-17T11:26:55.234843,4404.6,4406.05,4391.93,6.04,no
2026-08-17T11:47:52.666997,4400.09,4406.05,4391.93,5.77,no
2026-08-17T12:01:03.135553,4396.17,4406.05,4391.93,5.72,no
2026-08-17T12:49:39.591838,4378.13,4405.03,4378.44,7.15,no
2026-08-17T13:28:01.761481,4387.09,4405.03,4377.41,8.1,no
2026-08-17T14:00:18.908001,4409.18,4416.5,4377.41,8.98,no
2026-08-17T14:28:25.524823,4418.5,4416.5,4377.41,10.44,no
2026-08-17T14:53:01.871641,4418.83,4427.8,4377.41,10.57,no
2026-08-17T15:11:52.166648,4419.69,4427.8,4381.88,10.49,no
2026-08-17T15:36:28.130943,4421.17,4427.8,4384.86,10.72,no
2026-08-17T15:53:56.465977,4425.43,4427.8,4384.86,10.27,no
2026-08-17T16:10:49.258928,4427.21,4427.91,4403.92,9.93,no
2026-08-17T16:42:39.329402,4425.63,4428.97,4413.99,9.37,no
2026-08-17T17:01:29.098885,4424.18,4428.97,4415.17,8.67,no
2026-08-17T17:31:06.188096,4415.81,4428.97,4413.5,6.88,no
2026-08-17T17:56:23.354675,4416.99,4428.97,4411.35,6.41,no
2026-08-17T18:22:57.725066,4414.05,4427.67,4410.32,6.17,no
2026-08-17T19:03:08.101772,4404.48,4426.24,4398.09,6.71,no
2026-08-17T19:34:20.355927,4415.56,4420.71,4398.09,6.67,no
2026-08-17T19:53:27.125492,4417.16,4420.71,4398.09,6.93,no
2026-08-17T20:10:50.475119,4417.52,4421.02,4398.09,6.95,no
2026-08-17T20:40:09.017837,4415.25,4421.41,4398.09,6.67,no
2026-08-17T20:59:40.442344,4416.73,4421.41,4400.21,6.11,no
2026-08-17T21:25:05.680866,4416.73,4421.41,4400.21,6.11,no
2026-08-17T21:45:38.430164,4416.73,4421.41,4400.21,6.11,no
2026-08-17T22:00:13.195393,4416.73,4421.41,4400.21,6.11,no
2026-08-17T22:24:49.533455,4415.59,4421.41,4408.62,5.58,no
2026-08-17T22:45:46.263949,4414.63,4421.41,4411.78,5.0,no
2026-08-17T23:00:48.650762,4412.25,4421.41,4410.68,4.9,no
2026-08-17T23:24:25.847026,4416.87,4420.24,4409.95,4.84,no
2026-08-17T23:41:49.664139,4420.55,4421.92,4409.95,4.66,no
2026-08-17T23:56:27.905956,4423.83,4422.91,4409.95,4.24,no
2026-08-18T00:40:40.145718,4431.92,4431.69,4409.95,5.19,no
2026-08-18T02:04:17.165052,4401.75,4436.39,4404.4,7.6,no
2026-08-18T03:03:08.069648,4403.44,4436.39,4394.22,8.05,no
2026-08-18T03:50:32.073823,4392.78,4412.33,4394.22,7.16,no
2026-08-18T04:20:33.974651,4391.59,4405.67,4390.04,6.84,no
2026-08-18T04:55:27.974636,4395.37,4404.16,4388.8,6.18,no
2026-08-18T05:18:35.312786,4393.42,4402.09,4388.8,5.03,no
2026-08-18T05:47:27.503826,4394.42,4396.07,4386.17,4.81,yes
2026-08-18T06:03:49.158772,4391.03,4397.62,4386.17,4.68,no
2026-08-18T06:57:15.010083,4398.51,4400.26,4386.17,4.53,no
2026-08-18T07:31:37.084395,4402.39,4403.56,4386.17,4.64,no
2026-08-18T08:03:37.908250,4395.12,4403.74,4387.66,5.09,no
2026-08-18T08:47:26.589011,4396.41,4403.74,4387.0,5.94,no
2026-08-18T09:15:18.610221,4392.09,4403.74,4387.0,5.6,no
2026-08-18T09:48:29.119769,4389.55,4402.77,4387.0,5.62,no
2026-08-18T10:10:37.583514,4393.5,4398.67,4387.0,5.85,no
2026-08-18T10:44:23.685414,4398.32,4398.67,4387.06,6.37,no
2026-08-18T11:02:03.497153,4398.28,4399.7,4387.06,5.77,no
2026-08-18T11:30:12.624636,4390.06,4399.43,4387.22,5.71,no
2026-08-18T11:51:24.745103,4392.84,4399.7,4387.06,5.44,no
2026-08-18T12:15:19.225880,4393.01,4399.7,4388.71,5.24,no
2026-08-18T13:07:27.831345,4393.24,4400.95,4388.71,6.29,no
2026-08-18T13:52:03.381153,4395.19,4405.95,4376.19,8.59,no
2026-08-18T14:18:16.734860,4398.53,4406.32,4376.19,9.66,no
2026-08-18T14:54:22.901140,4377.75,4406.32,4376.19,11.62,no
2026-08-18T15:17:16.987309,4363.44,4406.32,4358.76,13.16,no
2026-08-18T15:47:38.859827,4361.64,4406.32,4351.57,13.45,no
2026-08-18T16:03:43.413498,4369.18,4406.32,4351.57,13.55,no
2026-08-18T16:40:37.691302,4366.52,4396.33,4351.57,13.37,no
2026-08-18T17:01:54.276417,4365.45,4377.76,4351.57,11.32,no
2026-08-18T17:32:17.149187,4364.03,4371.8,4354.66,10.17,no
2026-08-18T17:55:58.960619,4358.73,4371.8,4358.83,9.74,no
2026-08-18T18:21:04.251452,4359.12,4369.82,4352.84,7.21,no
2026-08-18T19:01:18.654878,4355.06,4368.41,4352.84,5.36,no
2026-08-18T19:30:04.477282,4355.44,4368.41,4352.84,5.46,no
2026-08-18T19:49:15.045414,4346.6,4361.22,4349.68,5.61,no
2026-08-18T20:00:45.930375,4344.44,4361.22,4338.55,5.91,yes
2026-08-18T20:26:27.931913,4338.06,4361.22,4338.55,6.38,no
2026-08-18T20:46:03.336348,4332.66,4358.89,4331.78,6.43,no
2026-08-18T21:00:58.817951,4334.72,4358.89,4331.78,6.79,no
2026-08-18T21:26:50.633098,4334.72,4358.89,4331.78,6.79,no
2026-08-18T21:44:45.150818,4334.72,4358.89,4331.78,6.79,no
2026-08-18T21:57:44.788205,4334.72,4358.89,4331.78,6.79,no
2026-08-18T22:16:25.189022,4340.56,4358.89,4329.28,6.75,no
2026-08-18T22:42:43.826685,4334.0,4357.76,4329.28,7.06,no
2026-08-18T22:59:12.689165,4333.41,4353.4,4329.28,6.85,no
2026-08-18T23:19:30.780161,4333.61,4343.47,4329.28,6.68,no
2026-08-18T23:40:21.290873,4329.61,4343.47,4329.28,7.12,no
2026-08-18T23:54:52.121146,4333.77,4343.47,4327.23,7.0,no
2026-08-19T00:25:18.781514,4342.61,4345.1,4327.23,6.67,no
2026-08-19T01:57:10.360724,4354.29,4357.68,4324.69,8.52,no
2026-08-19T02:51:19.009371,4356.61,4362.16,4324.69,8.9,no
2026-08-19T03:33:17.037121,4357.19,4362.16,4342.53,8.28,no
2026-08-19T04:10:00.311165,4354.26,4362.16,4351.65,7.89,no
2026-08-19T04:48:22.108078,4346.07,4360.44,4345.12,5.93,no
2026-08-19T05:14:52.647564,4339.09,4360.44,4343.85,5.96,no
2026-08-19T05:46:02.822799,4338.49,4358.93,4336.8,6.06,no
2026-08-19T06:03:22.054455,4337.39,4356.33,4335.11,6.19,no
2026-08-19T06:57:39.305469,4348.12,4350.79,4335.11,7.09,no
2026-08-19T07:32:40.596849,4359.48,4356.96,4335.11,7.72,no
2026-08-19T08:04:50.331768,4355.94,4363.25,4335.41,7.97,no
2026-08-19T08:48:42.349273,4361.58,4363.25,4340.87,7.56,no
2026-08-19T09:17:08.143359,4354.81,4363.25,4347.58,7.36,no
2026-08-19T09:50:06.106130,4360.28,4363.23,4351.21,6.73,no
2026-08-19T10:12:06.985388,4361.72,4363.23,4351.21,6.53,no
2026-08-19T10:44:29.557708,4368.15,4369.18,4353.52,6.22,no
2026-08-19T11:01:55.099330,4370.19,4369.55,4353.52,5.27,no
2026-08-19T11:29:53.070026,4371.12,4374.18,4353.52,5.65,no
2026-08-19T11:50:27.429446,4367.12,4374.18,4358.15,5.35,no
2026-08-19T12:14:11.501293,4368.74,4374.18,4359.7,5.49,no
2026-08-19T13:08:08.480614,4432.53,4442.61,4362.14,11.62,no
2026-08-19T13:52:52.207716,4447.31,4466.38,4362.14,15.55,no
2026-08-19T14:19:29.379708,4473.58,4475.59,4366.09,17.08,no
2026-08-19T14:55:17.238940,4485.74,4498.71,4411.48,18.74,no
2026-08-19T15:18:17.183309,4485.88,4498.71,4442.39,18.69,no
2026-08-19T15:48:07.412333,4492.09,4498.71,4445.27,19.19,no
2026-08-19T16:11:15.264740,4497.07,4498.71,4455.76,16.03,no
2026-08-19T16:44:27.156917,4495.97,4499.4,4478.04,12.33,no
2026-08-19T17:02:14.016034,4498.28,4499.4,4478.25,10.69,no
2026-08-19T17:31:17.605562,4485.92,4499.4,4480.29,8.99,no
2026-08-19T17:51:27.399544,4487.94,4499.4,4484.46,8.18,no
2026-08-19T18:11:56.617360,4486.27,4499.4,4484.46,8.22,no
2026-08-19T18:50:57.958635,4492.09,4499.17,4472.18,8.75,no
2026-08-19T19:12:32.379649,4505.08,4499.17,4472.18,9.02,no
2026-08-19T19:36:29.592335,4510.05,4507.82,4472.18,8.74,yes
2026-08-19T19:53:58.562249,4509.74,4510.76,4472.18,8.9,yes
2026-08-19T20:10:28.344695,4510.28,4512.25,4472.18,8.78,no
2026-08-19T20:42:12.734585,4519.8,4522.16,4472.18,9.48,no
2026-08-19T21:00:41.456624,4523.04,4523.71,4489.56,9.36,no
2026-08-19T21:26:52.839907,4523.04,4523.71,4489.56,9.36,no
2026-08-19T21:48:06.108303,4523.04,4523.71,4489.56,9.36,no
2026-08-19T22:02:22.347503,4525.67,4524.36,4494.41,9.28,no
2026-08-19T22:30:52.896512,4520.99,4527.74,4501.83,8.6,no
2026-08-19T22:51:49.616628,4521.49,4527.74,4505.27,7.97,no
2026-08-19T23:09:27.225838,4521.58,4527.74,4505.27,7.15,no
2026-08-19T23:33:15.964553,4516.97,4527.74,4515.35,6.28,no
2026-08-19T23:50:03.081431,4515.07,4527.74,4513.73,6.36,no
2026-08-20T00:01:34.206862,4515.75,4527.74,4511.45,6.36,no
2026-08-20T01:33:53.216025,4498.14,4521.24,4491.82,7.56,no
2026-08-20T02:40:44.824379,4491.6,4513.3,4484.4,8.9,no
2026-08-20T03:27:49.606274,4494.45,4503.44,4484.4,9.3,no
2026-08-20T04:05:49.187132,4496.24,4501.22,4487.73,8.17,no
2026-08-20T04:46:59.602298,4488.84,4501.22,4486.45,6.64,no
2026-08-20T05:16:02.832659,4485.43,4501.22,4484.22,6.27,no
2026-08-20T05:46:40.194187,4479.96,4501.22,4478.19,5.76,no
2026-08-20T06:03:30.425870,4484.64,4499.35,4477.89,6.07,no
2026-08-20T06:58:58.543357,4493.52,4496.0,4477.89,6.05,no
2026-08-20T07:38:06.198893,4489.99,4496.0,4477.89,6.49,no
2026-08-20T08:08:26.553031,4494.26,4496.0,4479.89,6.52,no
2026-08-20T08:52:17.694271,4489.05,4498.8,4483.49,6.71,no
2026-08-20T09:19:20.806238,4490.18,4498.8,4483.49,6.48,no
2026-08-20T09:52:20.514696,4485.36,4498.8,4484.58,6.13,no
2026-08-20T10:14:43.653927,4490.44,4498.8,4481.83,6.72,no
2026-08-20T10:47:01.045380,4489.5,4495.63,4480.78,6.63,no
2026-08-20T11:05:34.706201,4487.49,4495.63,4480.78,6.39,no
2026-08-20T11:35:53.877053,4486.66,4495.63,4480.78,6.84,no
2026-08-20T11:56:14.505375,4470.39,4495.63,4474.38,7.52,no
2026-08-20T12:25:49.452190,4461.63,4495.63,4450.52,8.29,no
2026-08-20T13:24:16.048936,4474.31,4489.94,4450.52,10.22,no
2026-08-20T14:04:48.573229,4490.75,4488.58,4450.52,11.13,no
2026-08-20T14:46:39.807957,4499.27,4501.19,4464.22,11.3,no
2026-08-20T15:17:11.284893,4534.94,4537.44,4469.44,12.75,no
2026-08-20T15:49:55.080086,4519.49,4541.01,4479.7,14.17,no
2026-08-20T16:15:22.850043,4511.35,4541.01,4480.9,14.25,no
2026-08-20T16:50:47.768731,4512.19,4541.01,4498.86,13.66,no
2026-08-20T17:14:01.384350,4509.2,4541.01,4502.87,12.81,no
2026-08-20T17:44:43.814129,4518.27,4533.97,4502.87,12.66,no
2026-08-20T18:02:31.955102,4519.95,4524.9,4502.87,11.58,no
2026-08-20T18:50:11.261509,4521.44,4523.47,4507.45,9.69,no
2026-08-20T19:19:53.491979,4526.17,4528.19,4507.96,8.26,no
2026-08-20T19:48:38.026602,4526.44,4529.68,4508.34,7.69,no
2026-08-20T20:10:06.245986,4523.19,4532.24,4508.34,7.72,no
2026-08-20T20:42:00.213005,4518.38,4532.24,4518.02,7.29,no
2026-08-20T21:02:21.716113,4519.35,4532.24,4516.9,6.9,no
2026-08-20T21:33:56.792478,4519.35,4532.24,4516.9,6.9,no
2026-08-20T21:55:33.251474,4519.35,4532.24,4516.9,6.9,no
2026-08-20T22:14:37.282875,4519.18,4532.24,4516.9,6.77,no
2026-08-20T22:44:44.469836,4523.69,4532.24,4516.58,6.18,no
2026-08-20T23:02:40.773083,4526.07,4529.3,4516.58,5.5,no
2026-08-20T23:32:25.901536,4523.78,4532.85,4516.58,5.77,no
2026-08-20T23:52:12.489382,4526.5,4532.85,4516.58,5.83,no
2026-08-21T00:25:51.274681,4517.96,4532.85,4517.47,5.86,no
2026-08-21T02:03:26.697646,4527.2,4543.86,4508.87,8.54,no
2026-08-21T03:10:43.073071,4535.05,4543.86,4508.87,9.71,no
2026-08-21T03:57:31.386802,4533.16,4543.04,4518.41,9.58,no
2026-08-21T04:31:16.137487,4547.34,4547.45,4525.35,9.39,no
2026-08-21T05:05:01.365396,4537.89,4548.19,4526.74,8.01,no
2026-08-21T05:40:37.969881,4537.68,4548.19,4526.74,8.08,no
2026-08-21T06:02:04.835241,4552.66,4556.3,4529.36,7.97,no
2026-08-21T06:56:28.675278,4566.95,4565.94,4529.36,8.63,no
2026-08-21T07:34:49.465708,4561.72,4567.97,4529.36,8.53,no
2026-08-21T08:08:49.300629,4561.01,4568.11,4545.73,8.46,no
2026-08-21T08:53:43.390068,4582.53,4584.18,4558.62,9.44,no
2026-08-21T09:21:51.080275,4588.53,4600.62,4559.3,9.78,no
2026-08-21T09:55:02.527722,4583.93,4602.13,4559.3,9.63,no
2026-08-21T10:16:47.570643,4581.12,4602.13,4564.06,9.44,no
2026-08-21T10:49:01.607515,4591.35,4602.13,4578.02,9.7,no
2026-08-21T11:10:46.283091,4592.97,4602.13,4578.02,10.08,no
2026-08-21T11:37:10.710161,4601.82,4601.27,4578.02,10.37,no
2026-08-21T11:56:13.609839,4597.38,4604.67,4578.02,9.55,no
2026-08-21T12:25:32.957250,4584.34,4604.67,4578.4,10.55,no
2026-08-21T13:23:05.896532,4583.92,4604.67,4563.49,10.47,no
2026-08-21T14:02:36.269294,4582.16,4601.76,4563.49,10.97,no
2026-08-21T14:42:24.078360,4584.41,4603.22,4563.49,13.29,no
2026-08-21T15:08:45.532360,4596.65,4603.38,4573.46,13.49,no
2026-08-21T15:44:55.164159,4609.32,4607.61,4573.46,14.04,no
2026-08-21T16:04:29.629507,4617.58,4615.39,4579.8,12.45,no
2026-08-21T16:44:46.082942,4621.23,4620.88,4580.64,12.77,no
2026-08-21T17:07:54.801158,4629.99,4629.21,4587.41,11.83,no
2026-08-21T17:39:01.831056,4623.84,4632.26,4599.56,11.39,no
2026-08-21T18:00:17.156225,4620.81,4632.26,4609.29,9.09,no
2026-08-21T18:37:22.583749,4623.0,4632.26,4612.35,8.42,no
2026-08-21T19:08:12.640721,4622.15,4632.26,4615.36,7.6,no
2026-08-21T19:33:10.888582,4618.28,4627.71,4616.9,6.92,no
2026-08-21T19:49:37.851098,4622.97,4627.71,4615.79,6.75,no
2026-08-21T20:00:41.303334,4616.57,4627.71,4615.77,6.31,no
2026-08-21T20:27:46.095661,4610.92,4627.71,4615.16,6.37,no
2026-08-21T20:47:33.329047,4607.76,4625.99,4607.65,5.27,yes
2026-08-21T21:02:55.737159,4604.15,4625.99,4607.65,5.61,no
2026-08-21T21:31:37.955285,4604.15,4625.99,4607.65,5.61,no
2026-08-21T21:50:49.320392,4604.15,4625.99,4607.65,5.61,no
2026-08-21T22:02:45.948113,4604.15,4625.99,4607.65,5.61,no
2026-08-21T22:32:33.689799,4604.15,4625.99,4607.65,5.61,no
2026-08-21T22:52:41.470108,4604.15,4625.99,4607.65,5.61,no
2026-08-21T23:10:04.139895,4604.15,4625.99,4607.65,5.61,no
2026-08-21T23:34:53.526882,4604.15,4625.99,4607.65,5.61,no
2026-08-21T23:52:15.283276,4604.15,4625.99,4607.65,5.61,no
2026-08-22T00:23:19.758263,4604.15,4625.99,4607.65,5.61,no
2026-08-22T01:54:19.043652,4604.15,4625.99,4607.65,5.61,no
2026-08-22T02:43:04.755558,4604.15,4625.99,4607.65,5.61,no
2026-08-22T03:24:42.523605,4604.15,4625.99,4607.65,5.61,no
2026-08-22T04:01:03.700890,4604.15,4625.99,4607.65,5.61,no
2026-08-22T04:35:15.121785,4604.15,4625.99,4607.65,5.61,no
2026-08-22T05:01:37.169935,4604.15,4625.99,4607.65,5.61,no
2026-08-22T05:31:41.975579,4604.15,4625.99,4607.65,5.61,no
2026-08-22T05:54:39.601456,4604.15,4625.99,4607.65,5.61,no
2026-08-22T06:15:32.576147,4604.15,4625.99,4607.65,5.61,no
2026-08-22T06:59:15.934556,4604.15,4625.99,4607.65,5.61,no
2026-08-22T07:29:50.986138,4604.15,4625.99,4607.65,5.61,no
2026-08-22T07:54:36.218665,4604.15,4625.99,4607.65,5.61,no
2026-08-22T08:13:15.976509,4604.15,4625.99,4607.65,5.61,no
2026-08-22T08:46:21.341737,4604.15,4625.99,4607.65,5.61,no
2026-08-22T09:04:09.710909,4604.15,4625.99,4607.65,5.61,no
2026-08-22T09:35:04.515532,4604.15,4625.99,4607.65,5.61,no
2026-08-22T09:53:40.054549,4604.15,4625.99,4607.65,5.61,no
2026-08-22T10:08:58.304839,4604.15,4625.99,4607.65,5.61,no
2026-08-22T10:36:08.458523,4604.15,4625.99,4607.65,5.61,no
2026-08-22T10:53:51.741541,4604.15,4625.99,4607.65,5.61,no
2026-08-22T11:07:58.899152,4604.15,4625.99,4607.65,5.61,no
2026-08-22T11:30:48.353739,4604.15,4625.99,4607.65,5.61,no
2026-08-22T11:46:53.954263,4604.15,4625.99,4607.65,5.61,no
2026-08-22T11:58:56.370045,4604.15,4625.99,4607.65,5.61,no
2026-08-22T12:33:33.111989,4604.15,4625.99,4607.65,5.61,no
2026-08-22T13:10:44.039369,4604.15,4625.99,4607.65,5.61,no
2026-08-22T13:41:41.666800,4604.15,4625.99,4607.65,5.61,no
2026-08-22T13:56:51.817381,4604.15,4625.99,4607.65,5.61,no
2026-08-22T14:12:43.987345,4604.15,4625.99,4607.65,5.61,no
2026-08-22T14:36:05.763409,4604.15,4625.99,4607.65,5.61,no
2026-08-22T14:53:26.305634,4604.15,4625.99,4607.65,5.61,no
2026-08-22T15:04:57.319827,4604.15,4625.99,4607.65,5.61,no
2026-08-22T15:29:43.826357,4604.15,4625.99,4607.65,5.61,no
2026-08-22T15:46:08.839387,4604.15,4625.99,4607.65,5.61,no
2026-08-22T15:57:50.871939,4604.15,4625.99,4607.65,5.61,no
2026-08-22T16:16:33.136843,4604.15,4625.99,4607.65,5.61,no
2026-08-22T16:42:17.722892,4604.15,4625.99,4607.65,5.61,no
2026-08-22T16:58:26.899321,4604.15,4625.99,4607.65,5.61,no
2026-08-22T17:16:56.101295,4604.15,4625.99,4607.65,5.61,no
2026-08-22T17:37:46.964846,4604.15,4625.99,4607.65,5.61,no
2026-08-22T17:53:38.734547,4604.15,4625.99,4607.65,5.61,no
2026-08-22T18:08:24.668461,4604.15,4625.99,4607.65,5.61,no
2026-08-22T18:45:28.708799,4604.15,4625.99,4607.65,5.61,no
2026-08-22T19:04:24.416534,4604.15,4625.99,4607.65,5.61,no
2026-08-22T19:29:11.988980,4604.15,4625.99,4607.65,5.61,no
2026-08-22T19:45:19.094921,4604.15,4625.99,4607.65,5.61,no
2026-08-22T19:56:40.044171,4604.15,4625.99,4607.65,5.61,no
2026-08-22T20:13:00.699054,4604.15,4625.99,4607.65,5.61,no
2026-08-22T20:37:47.935316,4604.15,4625.99,4607.65,5.61,no
2026-08-22T20:54:49.947702,4604.15,4625.99,4607.65,5.61,no
2026-08-22T21:09:04.561556,4604.15,4625.99,4607.65,5.61,no
2026-08-22T21:32:44.782259,4604.15,4625.99,4607.65,5.61,no
2026-08-22T21:48:49.005760,4604.15,4625.99,4607.65,5.61,no
